table,class,num
costwb_gongshang , ./src/com/ecity/enn/project/extradata/ExtraDataManager.java,8
costwb_minyong , ./src/com/ecity/enn/project/extradata/ExtraDataManager.java,8
costwb_szzycost , ./src/com/ecity/enn/project/extradata/ExtraDataManager.java,8
duty_sign , ./src/com/ecity/enn/project/db/OnOffDutySignManager.java,2
duty_sign , ./src/com/ecity/enn/project/db/dutysign/AOnOffDutySignQuerier.java,2
enn_groupgj , ./src/com/ecity/enn/project/groupMng/CrossAreaManager.java,9
enn_organisation , ./src/com/ecity/enn/project/db/EnnOrganisationManager.java,2
enn_user , ./src/com/ecity/enn/project/db/EnnUserManager.java,1
enn_user , ./src/com/ecity/enn/project/user/UserManager.java,2
log_interface , ./src/com/ecity/enn/project/EnnGuFenServiceRestImpl.java,1
log_login , ./src/com/ecity/enn/project/log/LogManager.java,1
log_login , ./src/com/ecity/enn/project/log/ProjectLogloginList.java,2
log_oper , ./src/com/ecity/enn/project/log/ProjectLogList.java,2
log_sap , ./src/com/ecity/enn/project/log/LogManager.java,1
log_sync , ./src/com/ecity/enn/project/log/LogManager.java,1
mt_att_field_val , ./src/com/ecity/enn/project/ServiceCore.java,1
mt_att_field_val , ./src/com/ecity/enn/project/quality/check/QualityCheck.java,1
patrolhistory , ./src/com/ecity/enn/project/thread/PositionQueue.java,1
patrolhistory , ./src/com/ecity/enn/project/unittest/TestPosition.java,1
patrolhistory , ./src/com/ecity/position/PositionManager.java,1
patrolhistorytoday , ./src/com/ecity/position/PositionManager.java,1
patrolposition , ./src/com/ecity/enn/project/user/UserManager.java,1
patrolposition , ./src/com/ecity/enn/usermanager/db/EnnGcgsUserManager.java,2
patrolposition , ./src/com/ecity/position/PositionManager.java,8
pro_api , ./src/com/ecity/enn/project/db/ProjectLOGManager.java,1
pro_api_flow , ./src/com/ecity/enn/project/db/ProjectLOGManager.java,1
pro_bi , ./src/com/ecity/enn/project/ENNProjectServiceRestImpl.java,2
pro_bi , ./src/com/ecity/enn/project/EnnProjectServiceImpl.java,5
pro_bi , ./src/com/ecity/enn/project/EnnSaleSyncServiceImpl.java,2
pro_bi , ./src/com/ecity/enn/project/EnnWorkFlowServiceImpl.java,1
pro_bi , ./src/com/ecity/enn/project/MsgSubscribePublish/EvaluationManageMsg.java,3
pro_bi , ./src/com/ecity/enn/project/ServiceCore.java,1
pro_bi , ./src/com/ecity/enn/project/Test.java,1
pro_bi , ./src/com/ecity/enn/project/baojianhegui/BJHGManager.java,4
pro_bi , ./src/com/ecity/enn/project/cost/stat/CostStatCalculation.java,2
pro_bi , ./src/com/ecity/enn/project/cost/stat/CostStatGshQuery.java,1
pro_bi , ./src/com/ecity/enn/project/cost/stat/CostStatMyhQuery.java,1
pro_bi , ./src/com/ecity/enn/project/cost/stat/CostStatServer.java,1
pro_bi , ./src/com/ecity/enn/project/cost/stat/CostStatSzzyQuery.java,1
pro_bi , ./src/com/ecity/enn/project/cost/stat/exceltest.java,2
pro_bi , ./src/com/ecity/enn/project/cost/stat/test.java,1
pro_bi , ./src/com/ecity/enn/project/db/BalanceThread.java,2
pro_bi , ./src/com/ecity/enn/project/db/ErrorLogManager.java,2
pro_bi , ./src/com/ecity/enn/project/db/ProjectBaseinfoManager.java,61
pro_bi , ./src/com/ecity/enn/project/db/ProjectBudgetMuserManager.java,1
pro_bi , ./src/com/ecity/enn/project/db/ProjectCYGXManager.java,1
pro_bi , ./src/com/ecity/enn/project/db/ProjectCostAudit.java,2
pro_bi , ./src/com/ecity/enn/project/db/ProjectCostBudgetInfo.java,2
pro_bi , ./src/com/ecity/enn/project/db/ProjectCostControlManager.java,6
pro_bi , ./src/com/ecity/enn/project/db/ProjectCostManager.java,9
pro_bi , ./src/com/ecity/enn/project/db/ProjectCostManagerNew.java,9
pro_bi , ./src/com/ecity/enn/project/db/ProjectCostManagerT.java,58
pro_bi , ./src/com/ecity/enn/project/db/ProjectExtension.java,1
pro_bi , ./src/com/ecity/enn/project/db/ProjectFlowManager.java,5
pro_bi , ./src/com/ecity/enn/project/db/ProjectGXManager.java,7
pro_bi , ./src/com/ecity/enn/project/db/ProjectJGZLManager.java,1
pro_bi , ./src/com/ecity/enn/project/db/ProjectMsgManager.java,3
pro_bi , ./src/com/ecity/enn/project/db/ProjectOrderManager.java,8
pro_bi , ./src/com/ecity/enn/project/db/ProjectProcessManager.java,13
pro_bi , ./src/com/ecity/enn/project/db/ProjectQualityManager.java,20
pro_bi , ./src/com/ecity/enn/project/db/ProjectSJBGManager.java,1
pro_bi , ./src/com/ecity/enn/project/db/ProjectSignManager.java,4
pro_bi , ./src/com/ecity/enn/project/db/ProjectSignManagerNew.java,8
pro_bi , ./src/com/ecity/enn/project/db/ProjectWLHXManager.java,1
pro_bi , ./src/com/ecity/enn/project/db/ProjectWLManager.java,6
pro_bi , ./src/com/ecity/enn/project/db/ProjectXCQZManager.java,1
pro_bi , ./src/com/ecity/enn/project/db/ProjectZLZGManager.java,3
pro_bi , ./src/com/ecity/enn/project/db/TransferPositionManager.java,1
pro_bi , ./src/com/ecity/enn/project/db/ValueManager.java,1
pro_bi , ./src/com/ecity/enn/project/db/ValueMangerNew.java,2
pro_bi , ./src/com/ecity/enn/project/db/camera/CameraServiceManager.java,13
pro_bi , ./src/com/ecity/enn/project/db/quality/QualityStatQuery.java,44
pro_bi , ./src/com/ecity/enn/project/db/sale/SaleServiceManager.java,2
pro_bi , ./src/com/ecity/enn/project/db/sitelog/SiteLogManger.java,3
pro_bi , ./src/com/ecity/enn/project/db/video/VideoServiceManager.java,9
pro_bi , ./src/com/ecity/enn/project/define/TABLE_DEF.java,1
pro_bi , ./src/com/ecity/enn/project/dilixinxi/DilixinxiManager.java,2
pro_bi , ./src/com/ecity/enn/project/evaluationmanagement/ProjectEvaluation.java,1
pro_bi , ./src/com/ecity/enn/project/evaluationmanagement/test.java,1
pro_bi , ./src/com/ecity/enn/project/fanneng/FanNengManager.java,6
pro_bi , ./src/com/ecity/enn/project/groupMng/CrossAreaManager.java,1
pro_bi , ./src/com/ecity/enn/project/inspection/InspectionManager.java,2
pro_bi , ./src/com/ecity/enn/project/log/ProNearOper.java,1
pro_bi , ./src/com/ecity/enn/project/photo/DeleteProblem.java,2
pro_bi , ./src/com/ecity/enn/project/protype/IsDeleteType.java,1
pro_bi , ./src/com/ecity/enn/project/quality/check/QualityCheck.java,4
pro_bi , ./src/com/ecity/enn/project/report/ProjectReportManager.java,9
pro_bi , ./src/com/ecity/enn/project/saleproject/GetExitProInfo.java,1
pro_bi , ./src/com/ecity/enn/project/saleproject/ProListAllManager.java,1
pro_bi , ./src/com/ecity/enn/project/saleproject/SaleProjectCreater.java,1
pro_bi , ./src/com/ecity/enn/project/schedule/stat/ScheduleStatic.java,3
pro_bi , ./src/com/ecity/enn/project/thread/JGYStoSAPtask.java,1
pro_bi , ./src/com/ecity/enn/project/thread/object/SaleUserQueue.java,1
pro_bi , ./src/com/ecity/enn/project/trance/position/TransferPosition.java,1
pro_bi , ./src/com/ecity/enn/project/util/CalcRatio.java,2
pro_bi , ./src/com/ecity/enn/project/util/EnnUtil.java,7
pro_bi , ./src/com/ecity/enn/projectex/db/ProjectAutoFormManager.java,2
pro_bi , ./src/com/ecity/enn/projectex/db/ProjectAutoFormManager2.java,2
pro_bi , ./src/com/ecity/enn/projectex/db/ProjectDangerWorkManager.java,29
pro_bi , ./src/com/ecity/enn/projectex/db/ProjectGdhjManager.java,7
pro_bi , ./src/com/ecity/enn/projectex/db/ProjectHjAndSyInfoManager.java,12
pro_bi , ./src/com/ecity/enn/projectex/db/ProjectInfoManager.java,16
pro_bi , ./src/com/ecity/enn/projectex/db/ProjectInspectManager.java,13
pro_bi , ./src/com/ecity/enn/projectex/db/ProjectQuantityManager.java,8
pro_bi , ./src/com/ecity/enn/projectex/db/ProjectQuantityManager2.java,68
pro_bi , ./src/com/ecity/enn/projectex/db/ProjectSafeManager.java,6
pro_bi , ./src/com/ecity/enn/projectex/db/ProjectWorkControlManager.java,8
pro_bi , ./src/com/ecity/enn/projectex/db/ProjectWorkRemindManager.java,20
pro_bi , ./src/com/ecity/project/weld/WeldManager.java,2
pro_bi_bjhg , ./src/com/ecity/enn/project/baojianhegui/BJHGManager.java,11
pro_bi_bjhg_file , ./src/com/ecity/enn/project/baojianhegui/BJHGManager.java,16
pro_bi_cz , ./src/com/ecity/enn/project/db/ProjectBaseinfoManager.java,3
pro_bi_fn , ./src/com/ecity/enn/project/db/ProjectBaseinfoManager.java,3
pro_bi_fn , ./src/com/ecity/enn/project/fanneng/FanNengManager.java,1
pro_bi_fn , ./src/com/ecity/enn/projectex/db/ProjectQuantityManager2.java,1
pro_bi_fs_pipe , ./src/com/ecity/enn/project/db/ProjectBaseinfoManager.java,1
pro_bi_fs_pipe , ./src/com/ecity/enn/project/db/ProjectCostManager.java,3
pro_bi_fs_pipe , ./src/com/ecity/enn/project/db/ProjectProcessManager.java,1
pro_bi_fs_pipe , ./src/com/ecity/enn/projectex/db/ProjectQuantityManager.java,4
pro_bi_ht , ./src/com/ecity/enn/project/EnnProjectServiceImpl.java,6
pro_bi_ht , ./src/com/ecity/enn/project/cost/stat/CostStatCalculation.java,1
pro_bi_ht , ./src/com/ecity/enn/project/cost/stat/CostStatMyhQuery.java,1
pro_bi_ht , ./src/com/ecity/enn/project/db/ProjectBaseinfoManager.java,5
pro_bi_ht , ./src/com/ecity/enn/project/db/ProjectCYGXManager.java,1
pro_bi_ht , ./src/com/ecity/enn/project/db/ProjectCostManagerNew.java,1
pro_bi_ht , ./src/com/ecity/enn/project/db/ProjectFlowManager.java,1
pro_bi_ht , ./src/com/ecity/enn/project/db/ProjectProcessManager.java,4
pro_bi_ht , ./src/com/ecity/enn/project/db/camera/CameraServiceManager.java,1
pro_bi_ht , ./src/com/ecity/enn/project/db/sale/SaleServiceManager.java,1
pro_bi_ht , ./src/com/ecity/enn/project/report/ProjectReportManager.java,1
pro_bi_ht , ./src/com/ecity/enn/project/saleproject/GetSalePro.java,1
pro_bi_ht , ./src/com/ecity/enn/projectex/db/ProjectInfoManager.java,2
pro_bi_ht , ./src/com/ecity/enn/projectex/db/ProjectQuantityManager.java,5
pro_bi_ht_detail , ./src/com/ecity/enn/project/EnnProjectServiceImpl.java,2
pro_bi_jgzl , ./src/com/ecity/enn/project/baojianhegui/BJHGManager.java,1
pro_bi_jgzl , ./src/com/ecity/enn/project/db/ProjectJGZLManager.java,5
pro_bi_jgzl , ./src/com/ecity/enn/project/dilixinxi/DilixinxiManager.java,1
pro_bi_jgzl_file , ./src/com/ecity/enn/project/db/ProjectJGZLManager.java,5
pro_bi_jgzl_file , ./src/com/ecity/enn/project/dilixinxi/DilixinxiManager.java,1
pro_bi_jgzl_state , ./src/com/ecity/enn/project/db/ProjectJGZLManager.java,2
pro_bi_men , ./src/com/ecity/enn/project/MsgSubscribePublish/EvaluationManageMsg.java,5
pro_bi_men , ./src/com/ecity/enn/project/ServiceCore.java,4
pro_bi_men , ./src/com/ecity/enn/project/baojianhegui/BJHGManager.java,2
pro_bi_men , ./src/com/ecity/enn/project/db/BalanceThread.java,1
pro_bi_men , ./src/com/ecity/enn/project/db/GetGroupUser.java,1
pro_bi_men , ./src/com/ecity/enn/project/db/ProjectBaseinfoManager.java,23
pro_bi_men , ./src/com/ecity/enn/project/db/ProjectCheckOrder.java,2
pro_bi_men , ./src/com/ecity/enn/project/db/ProjectCostControlManager.java,2
pro_bi_men , ./src/com/ecity/enn/project/db/ProjectCostManager.java,4
pro_bi_men , ./src/com/ecity/enn/project/db/ProjectCostManagerNew.java,5
pro_bi_men , ./src/com/ecity/enn/project/db/ProjectCostManagerT.java,19
pro_bi_men , ./src/com/ecity/enn/project/db/ProjectGXManager.java,3
pro_bi_men , ./src/com/ecity/enn/project/db/ProjectJGZLManager.java,4
pro_bi_men , ./src/com/ecity/enn/project/db/ProjectMsgManager.java,4
pro_bi_men , ./src/com/ecity/enn/project/db/ProjectOrderManager.java,1
pro_bi_men , ./src/com/ecity/enn/project/db/ProjectProcessManager.java,16
pro_bi_men , ./src/com/ecity/enn/project/db/ProjectQualityManager.java,6
pro_bi_men , ./src/com/ecity/enn/project/db/ProjectSJBGManager.java,3
pro_bi_men , ./src/com/ecity/enn/project/db/ProjectSignManager.java,7
pro_bi_men , ./src/com/ecity/enn/project/db/ProjectWLHXManager.java,1
pro_bi_men , ./src/com/ecity/enn/project/db/ProjectWLManager.java,3
pro_bi_men , ./src/com/ecity/enn/project/db/ProjectXCQZManager.java,5
pro_bi_men , ./src/com/ecity/enn/project/db/ProjectZLZGManager.java,5
pro_bi_men , ./src/com/ecity/enn/project/db/TransferPositionManager.java,1
pro_bi_men , ./src/com/ecity/enn/project/db/camera/CameraServiceManager.java,10
pro_bi_men , ./src/com/ecity/enn/project/db/quality/QualityStatQuery.java,2
pro_bi_men , ./src/com/ecity/enn/project/db/sale/SaleServiceManager.java,2
pro_bi_men , ./src/com/ecity/enn/project/db/video/VideoServiceManager.java,3
pro_bi_men , ./src/com/ecity/enn/project/evaluationmanagement/EvaluationManager.java,1
pro_bi_men , ./src/com/ecity/enn/project/evaluationmanagement/MenEvaluation.java,2
pro_bi_men , ./src/com/ecity/enn/project/evaluationmanagement/ProjectEvaluation.java,2
pro_bi_men , ./src/com/ecity/enn/project/fanneng/FanNengManager.java,1
pro_bi_men , ./src/com/ecity/enn/project/inspection/InspectionManager.java,2
pro_bi_men , ./src/com/ecity/enn/project/quality/check/QualityCheck.java,2
pro_bi_men , ./src/com/ecity/enn/project/report/ProjectReportManager.java,3
pro_bi_men , ./src/com/ecity/enn/project/thread/SaleUserToPro.java,1
pro_bi_men , ./src/com/ecity/enn/project/thread/object/SaleUserQueue.java,2
pro_bi_men , ./src/com/ecity/enn/project/util/EnnUtil.java,1
pro_bi_men , ./src/com/ecity/enn/project/util/HandleGcpjData.java,1
pro_bi_men , ./src/com/ecity/enn/projectex/db/ProjectDangerWorkManager.java,27
pro_bi_men , ./src/com/ecity/enn/projectex/db/ProjectGdhjManager.java,5
pro_bi_men , ./src/com/ecity/enn/projectex/db/ProjectHjAndSyInfoManager.java,4
pro_bi_men , ./src/com/ecity/enn/projectex/db/ProjectInfoManager.java,23
pro_bi_men , ./src/com/ecity/enn/projectex/db/ProjectInspectManager.java,10
pro_bi_men , ./src/com/ecity/enn/projectex/db/ProjectQuantityManager.java,3
pro_bi_men , ./src/com/ecity/enn/projectex/db/ProjectQuantityManager2.java,62
pro_bi_men , ./src/com/ecity/enn/projectex/db/ProjectSafeManager.java,10
pro_bi_men , ./src/com/ecity/enn/projectex/db/ProjectWorkControlManager.java,6
pro_bi_men , ./src/com/ecity/enn/projectex/db/ProjectWorkRemindManager.java,7
pro_bi_plan , ./src/com/ecity/enn/project/EnnWorkFlowServiceImpl.java,2
pro_bi_plan , ./src/com/ecity/enn/project/db/ProjectBaseinfoManager.java,1
pro_bi_plan , ./src/com/ecity/enn/project/db/ProjectFlowManager.java,4
pro_bi_plan , ./src/com/ecity/enn/projectex/db/ProjectQuantityManager2.java,10
pro_bi_sgtask , ./src/com/ecity/enn/project/db/ProjectFlowManager.java,1
pro_bi_sgtask , ./src/com/ecity/enn/project/db/ProjectJGZLManager.java,1
pro_bi_sgtask , ./src/com/ecity/enn/project/db/ProjectProcessManager.java,12
pro_bi_sgtask , ./src/com/ecity/enn/project/report/ProjectReportManager.java,2
pro_bi_sgtask , ./src/com/ecity/enn/project/trance/position/TransferPosition.java,1
pro_bi_sgtask , ./src/com/ecity/enn/projectex/db/ProjectQuantityManager.java,3
pro_bi_sgtask_file , ./src/com/ecity/enn/project/db/ProjectProcessManager.java,3
pro_bi_stop , ./src/com/ecity/enn/project/db/ProjectBaseinfoManager.java,3
pro_bi_stop_file , ./src/com/ecity/enn/project/db/ProjectBaseinfoManager.java,3
pro_bi_user_top , ./src/com/ecity/enn/project/db/ProjectBaseinfoManager.java,4
pro_camera , ./src/com/ecity/enn/project/db/camera/CameraServiceManager.java,20
pro_camera , ./src/com/ecity/enn/project/fanneng/FanNengManager.java,1
pro_camera_set , ./src/com/ecity/enn/project/db/camera/CameraServiceManager.java,1
pro_chkorder_item , ./src/com/ecity/enn/project/db/ProjectCheckOrder.java,3
pro_chkorder_param , ./src/com/ecity/enn/project/db/ProjectCheckOrder.java,2
pro_chkorder_state , ./src/com/ecity/enn/project/db/ProjectCheckOrder.java,2
pro_chkorder_state , ./src/com/ecity/enn/project/db/ProjectFlowManager.java,1
pro_chkorder_state , ./src/com/ecity/enn/project/db/ProjectQualityManager.java,2
pro_cost_algorithm , ./src/com/ecity/enn/project/cost/stat/CostStatGshQuery.java,1
pro_cost_algorithm , ./src/com/ecity/enn/project/cost/stat/CostStatMyhQuery.java,1
pro_cost_algorithm , ./src/com/ecity/enn/project/cost/stat/CostStatSzzyQuery.java,1
pro_cost_algorithm , ./src/com/ecity/enn/project/db/ProjectCostManagerNew.java,1
pro_cost_algorithm , ./src/com/ecity/enn/project/db/ProjectWLManager.java,1
pro_cost_algorithm , ./src/com/ecity/enn/project/db/ValueManager.java,8
pro_cost_algorithm , ./src/com/ecity/enn/project/db/ValueMangerNew.java,1
pro_cost_audit , ./src/com/ecity/enn/project/db/ProjectCostAudit.java,1
pro_cost_audit_file , ./src/com/ecity/enn/project/db/ProjectCostAudit.java,1
pro_cost_audit_problem , ./src/com/ecity/enn/project/ENNProjectServiceRestImpl.java,1
pro_cost_audit_problem , ./src/com/ecity/enn/project/db/ProjectCostAudit.java,2
pro_cost_audit_problem_check , ./src/com/ecity/enn/project/db/ProjectCostAudit.java,1
pro_cost_audit_prolist , ./src/com/ecity/enn/project/db/ProjectCostAudit.java,3
pro_cost_baseinfo , ./src/com/ecity/enn/project/cost/stat/CostStatCalculation.java,2
pro_cost_baseinfo , ./src/com/ecity/enn/project/db/BalanceThread.java,3
pro_cost_baseinfo , ./src/com/ecity/enn/project/db/ErrorLogManager.java,1
pro_cost_baseinfo , ./src/com/ecity/enn/project/db/ProjectBaseinfoManager.java,8
pro_cost_baseinfo , ./src/com/ecity/enn/project/db/ProjectCostAudit.java,4
pro_cost_baseinfo , ./src/com/ecity/enn/project/db/ProjectCostManager.java,66
pro_cost_baseinfo , ./src/com/ecity/enn/project/db/ProjectCostManagerNew.java,38
pro_cost_baseinfo , ./src/com/ecity/enn/project/db/ProjectCostManagerT.java,129
pro_cost_baseinfo , ./src/com/ecity/enn/project/db/ProjectOrderManager.java,6
pro_cost_baseinfo , ./src/com/ecity/enn/project/db/ValueManager.java,6
pro_cost_baseinfo , ./src/com/ecity/enn/project/define/TABLE_DEF.java,1
pro_cost_baseinfo , ./src/com/ecity/enn/project/report/ProjectReportManager.java,3
pro_cost_baseinfo , ./src/com/ecity/enn/project/util/CalcRatio.java,5
pro_cost_bi_detail1 , ./src/com/ecity/enn/project/cost/stat/CostStatCalculation.java,3
pro_cost_bi_detail1 , ./src/com/ecity/enn/project/db/BalanceThread.java,1
pro_cost_bi_detail1 , ./src/com/ecity/enn/project/db/ProjectCostAudit.java,1
pro_cost_bi_detail1 , ./src/com/ecity/enn/project/db/ProjectCostManager.java,25
pro_cost_bi_detail1 , ./src/com/ecity/enn/project/db/ProjectCostManagerNew.java,17
pro_cost_bi_detail1 , ./src/com/ecity/enn/project/db/ProjectCostManagerT.java,3
pro_cost_bi_detail1 , ./src/com/ecity/enn/project/db/ProjectOrderManager.java,2
pro_cost_bi_detail1 , ./src/com/ecity/enn/project/db/ValueManager.java,6
pro_cost_bi_detail1 , ./src/com/ecity/enn/project/define/TABLE_DEF.java,1
pro_cost_bi_detail1 , ./src/com/ecity/enn/project/report/ProjectReportManager.java,2
pro_cost_bi_detail1 , ./src/com/ecity/enn/project/util/CalcRatio.java,2
pro_cost_bi_files , ./src/com/ecity/enn/project/db/ProjectCostManager.java,5
pro_cost_bi_files , ./src/com/ecity/enn/project/db/ProjectCostManagerNew.java,2
pro_cost_bi_log , ./src/com/ecity/enn/project/db/ProjectCostManager.java,7
pro_cost_bi_log , ./src/com/ecity/enn/project/db/ProjectCostManagerT.java,32
pro_cost_bi_log , ./src/com/ecity/enn/project/db/ProjectOrderManager.java,2
pro_cost_budget , ./src/com/ecity/enn/project/cost/stat/CostStatCalculation.java,4
pro_cost_budget , ./src/com/ecity/enn/project/db/ProjectCostBudgetInfo.java,1
pro_cost_budget , ./src/com/ecity/enn/project/db/ProjectCostControlManager.java,4
pro_cost_budget , ./src/com/ecity/enn/project/db/ProjectCostManager.java,1
pro_cost_budget , ./src/com/ecity/enn/project/db/ProjectCostManagerNew.java,2
pro_cost_budget , ./src/com/ecity/enn/project/db/ProjectCostManagerT.java,2
pro_cost_budget , ./src/com/ecity/enn/project/db/ProjectOrderManager.java,3
pro_cost_budget , ./src/com/ecity/enn/project/db/ValueMangerNew.java,2
pro_cost_budget , ./src/com/ecity/enn/project/define/TABLE_DEF.java,1
pro_cost_budget , ./src/com/ecity/enn/project/report/ProjectReportManager.java,1
pro_cost_budget , ./src/com/ecity/enn/project/util/CalcRatio.java,2
pro_cost_budgetdetail1 , ./src/com/ecity/enn/project/cost/stat/CostStatCalculation.java,4
pro_cost_budgetdetail1 , ./src/com/ecity/enn/project/db/ProjectCostBudgetInfo.java,3
pro_cost_budgetdetail1 , ./src/com/ecity/enn/project/db/ProjectCostManagerNew.java,1
pro_cost_budgetdetail1 , ./src/com/ecity/enn/project/db/ProjectOrderManager.java,3
pro_cost_budgetdetail1 , ./src/com/ecity/enn/project/define/TABLE_DEF.java,1
pro_cost_budgetdetail2 , ./src/com/ecity/enn/project/cost/stat/CostStatGshQuery.java,1
pro_cost_budgetdetail2 , ./src/com/ecity/enn/project/cost/stat/CostStatMyhQuery.java,1
pro_cost_budgetdetail2 , ./src/com/ecity/enn/project/db/ProjectCostManager.java,1
pro_cost_budgetdetail2 , ./src/com/ecity/enn/project/db/ProjectCostManagerNew.java,3
pro_cost_budgetdetail2 , ./src/com/ecity/enn/project/util/CalcRatio.java,1
pro_cost_budgetdetail3 , ./src/com/ecity/enn/project/db/ProjectCostManagerNew.java,1
pro_cost_budgetmoney , ./src/com/ecity/enn/project/db/ProjectBudgetMuserManager.java,2
pro_cost_control , ./src/com/ecity/enn/project/db/ProjectBaseinfoManager.java,5
pro_cost_control , ./src/com/ecity/enn/project/db/ProjectCostControlManager.java,10
pro_cost_control , ./src/com/ecity/enn/project/db/ProjectCostManagerNew.java,1
pro_cost_control , ./src/com/ecity/enn/project/db/ProjectFlowManager.java,1
pro_cost_control , ./src/com/ecity/enn/project/db/ProjectWLManager.java,4
pro_cost_control , ./src/com/ecity/enn/project/define/TABLE_DEF.java,1
pro_cost_control_detail , ./src/com/ecity/enn/project/db/ProjectCostControlManager.java,6
pro_cost_control_detail , ./src/com/ecity/enn/project/db/ProjectWLManager.java,2
pro_cost_gc_valuation , ./src/com/ecity/enn/project/db/valuationgc/ProjectGcValuationManager.java,12
pro_cost_gc_valuation_detail , ./src/com/ecity/enn/project/db/valuationgc/ProjectGcValuationManager.java,6
pro_cost_st_gshpro , ./src/com/ecity/enn/project/cost/stat/CostStatCalculation.java,3
pro_cost_st_gshpro , ./src/com/ecity/enn/project/cost/stat/CostStatGshQuery.java,25
pro_cost_st_gshpro , ./src/com/ecity/enn/project/cost/stat/CostStatHzQuery.java,7
pro_cost_st_gshpro , ./src/com/ecity/enn/project/define/TABLE_DEF.java,1
pro_cost_st_gshwbs , ./src/com/ecity/enn/project/cost/stat/CostStatCalculation.java,2
pro_cost_st_gshwbs , ./src/com/ecity/enn/project/cost/stat/CostStatGshQuery.java,10
pro_cost_st_gshwbs , ./src/com/ecity/enn/project/define/TABLE_DEF.java,1
pro_cost_st_myhpro , ./src/com/ecity/enn/project/cost/stat/CostStatCalculation.java,3
pro_cost_st_myhpro , ./src/com/ecity/enn/project/cost/stat/CostStatHzQuery.java,11
pro_cost_st_myhpro , ./src/com/ecity/enn/project/cost/stat/CostStatMyhQuery.java,27
pro_cost_st_myhpro , ./src/com/ecity/enn/project/define/TABLE_DEF.java,1
pro_cost_st_myhpro , ./src/com/ecity/enn/project/evaluationmanagement/EvaluationManager.java,3
pro_cost_st_myhpro , ./src/com/ecity/enn/project/evaluationmanagement/MenEvaluation.java,3
pro_cost_st_myhpro , ./src/com/ecity/enn/project/evaluationmanagement/ProjectEvaluation.java,4
pro_cost_st_myhwbs , ./src/com/ecity/enn/project/cost/stat/CostStatCalculation.java,2
pro_cost_st_myhwbs , ./src/com/ecity/enn/project/cost/stat/CostStatMyhQuery.java,16
pro_cost_st_myhwbs , ./src/com/ecity/enn/project/define/TABLE_DEF.java,1
pro_cost_st_szzypro , ./src/com/ecity/enn/project/cost/stat/CostStatCalculation.java,4
pro_cost_st_szzypro , ./src/com/ecity/enn/project/cost/stat/CostStatHzQuery.java,7
pro_cost_st_szzypro , ./src/com/ecity/enn/project/cost/stat/CostStatSzzyQuery.java,25
pro_cost_st_szzypro , ./src/com/ecity/enn/project/db/ProjectCostManagerNew.java,1
pro_cost_st_szzypro , ./src/com/ecity/enn/project/define/TABLE_DEF.java,1
pro_cost_valuation , ./src/com/ecity/enn/project/db/ValueManager.java,14
pro_cost_valuation_detail , ./src/com/ecity/enn/project/db/ValueManager.java,10
pro_cost_warn_myh , ./src/com/ecity/enn/project/cost/stat/CostStatCalculation.java,1
pro_cost_warn_myh , ./src/com/ecity/enn/project/cost/stat/CostStatMyhQuery.java,2
pro_cost_warn_myh , ./src/com/ecity/enn/project/db/WarnValueSetManager.java,2
pro_cost_warn_myh , ./src/com/ecity/enn/project/util/CalcRatio.java,1
pro_cost_warn_myh_detail , ./src/com/ecity/enn/project/cost/stat/CostStatCalculation.java,1
pro_cost_warn_myh_detail , ./src/com/ecity/enn/project/cost/stat/CostStatMyhQuery.java,2
pro_cost_warn_myh_detail , ./src/com/ecity/enn/project/db/WarnValueSetManager.java,2
pro_cost_warn_myh_detail , ./src/com/ecity/enn/project/util/CalcRatio.java,1
pro_cost_warn_szzy , ./src/com/ecity/enn/project/cost/stat/CostStatCalculation.java,2
pro_cost_warn_szzy , ./src/com/ecity/enn/project/cost/stat/CostStatSzzyQuery.java,5
pro_cost_warn_szzy , ./src/com/ecity/enn/project/db/WarnValueSetManager.java,4
pro_cost_warn_szzy , ./src/com/ecity/enn/project/util/CalcRatio.java,1
pro_cost_wbs , ./src/com/ecity/enn/project/EnnProjectServiceImpl.java,2
pro_cost_wbs , ./src/com/ecity/enn/project/MsgSubscribePublish/ProjectMaterielMsg.java,1
pro_cost_wbs , ./src/com/ecity/enn/project/db/ProjectBaseinfoManager.java,2
pro_cost_wbs , ./src/com/ecity/enn/project/db/ProjectCostBudgetInfo.java,2
pro_cost_wbs , ./src/com/ecity/enn/project/db/ProjectCostControlManager.java,7
pro_cost_wbs , ./src/com/ecity/enn/project/db/ProjectCostManagerNew.java,2
pro_cost_wbs , ./src/com/ecity/enn/project/db/ProjectOrderManager.java,2
pro_cost_wbs , ./src/com/ecity/enn/project/db/ProjectWLHXManager.java,3
pro_cost_wbs , ./src/com/ecity/enn/project/db/ProjectWLManager.java,2
pro_cost_wbs , ./src/com/ecity/enn/project/db/ValueMangerNew.java,1
pro_cost_wbs , ./src/com/ecity/enn/project/report/ProjectReportManager.java,3
pro_cost_wbs_wlmx , ./src/com/ecity/enn/project/db/ProjectCostManagerNew.java,2
pro_cost_wbs_wlmx , ./src/com/ecity/enn/project/report/ProjectReportManager.java,1
pro_cost_wlhx , ./src/com/ecity/enn/project/db/ProjectCostManager.java,7
pro_cost_wlhx , ./src/com/ecity/enn/project/db/ProjectCostManagerNew.java,3
pro_cost_wlhx , ./src/com/ecity/enn/project/db/ProjectWLManager.java,1
pro_cost_wlhx , ./src/com/ecity/enn/project/report/ProjectReportManager.java,1
pro_cost_wlhxdetail , ./src/com/ecity/enn/project/db/ProjectCostManagerNew.java,2
pro_cost_wlhxdetail , ./src/com/ecity/enn/project/db/ProjectWLManager.java,1
pro_cz_info , ./src/com/ecity/enn/project/db/ProjectBaseinfoManager.java,4
pro_design , ./src/com/ecity/enn/project/db/ProjectProcessManager.java,9
pro_design_file , ./src/com/ecity/enn/project/db/ProjectProcessManager.java,6
pro_design_log , ./src/com/ecity/enn/project/db/ProjectProcessManager.java,5
pro_design_profit , ./src/com/ecity/enn/project/EnnSaleSyncServiceImpl.java,1
pro_design_profit , ./src/com/ecity/enn/project/db/ProjectProcessManager.java,4
pro_design_task , ./src/com/ecity/enn/project/MsgSubscribePublish/EvaluationManageMsg.java,1
pro_design_task , ./src/com/ecity/enn/project/db/ProjectFlowManager.java,1
pro_design_task , ./src/com/ecity/enn/project/db/ProjectProcessManager.java,31
pro_design_task , ./src/com/ecity/enn/project/report/ProjectReportManager.java,2
pro_design_task , ./src/com/ecity/enn/project/trance/position/TransferPosition.java,1
pro_design_task , ./src/com/ecity/enn/project/util/HandleGcpjData.java,2
pro_design_task_file , ./src/com/ecity/enn/project/db/ProjectProcessManager.java,18
pro_design_task_jq , ./src/com/ecity/enn/project/db/ProjectProcessManager.java,6
pro_error_log , ./src/com/ecity/enn/project/db/ErrorLogManager.java,5
pro_evaluation_data , ./src/com/ecity/enn/project/evaluationmanagement/MenEvaluation.java,3
pro_evaluation_data , ./src/com/ecity/enn/project/util/HandleGcpjData.java,2
pro_evaluation_gcpj , ./src/com/ecity/enn/project/MsgSubscribePublish/EvaluationManageMsg.java,2
pro_evaluation_gcpj , ./src/com/ecity/enn/project/evaluationmanagement/EvaluationManager.java,26
pro_evaluation_gcpj , ./src/com/ecity/enn/project/thread/ProEvaluationTimer.java,1
pro_evaluation_gcpj , ./src/com/ecity/enn/project/thread/SaleRateQueue.java,1
pro_evaluation_index , ./src/com/ecity/enn/project/evaluationmanagement/MenEvaluation.java,1
pro_evaluation_index , ./src/com/ecity/enn/project/evaluationmanagement/ProjectEvaluation.java,4
pro_evaluation_jlpj , ./src/com/ecity/enn/project/MsgSubscribePublish/EvaluationManageMsg.java,2
pro_evaluation_jlpj , ./src/com/ecity/enn/project/evaluationmanagement/EvaluationManager.java,7
pro_evaluation_mandetail , ./src/com/ecity/enn/project/evaluationmanagement/MenEvaluation.java,1
pro_evaluation_mandetail , ./src/com/ecity/enn/project/evaluationmanagement/ProjectEvaluation.java,8
pro_evaluation_objdetail , ./src/com/ecity/enn/project/evaluationmanagement/MenEvaluation.java,1
pro_evaluation_objdetail , ./src/com/ecity/enn/project/evaluationmanagement/ProjectEvaluation.java,5
pro_evaluation_person , ./src/com/ecity/enn/project/evaluationmanagement/MenEvaluation.java,3
pro_evaluation_person , ./src/com/ecity/enn/project/evaluationmanagement/ProjectEvaluation.java,4
pro_evaluation_project , ./src/com/ecity/enn/project/db/quality/QualityStatQuery.java,6
pro_evaluation_project , ./src/com/ecity/enn/project/evaluationmanagement/MenEvaluation.java,2
pro_evaluation_project , ./src/com/ecity/enn/project/evaluationmanagement/ProjectEvaluation.java,8
pro_evaluation_sgbzpj , ./src/com/ecity/enn/project/MsgSubscribePublish/EvaluationManageMsg.java,2
pro_evaluation_sgbzpj , ./src/com/ecity/enn/project/evaluationmanagement/EvaluationManager.java,7
pro_evaluation_sjypj , ./src/com/ecity/enn/project/MsgSubscribePublish/EvaluationManageMsg.java,2
pro_evaluation_sjypj , ./src/com/ecity/enn/project/evaluationmanagement/EvaluationManager.java,8
pro_evaluation_template , ./src/com/ecity/enn/project/evaluationmanagement/ProjectEvaluation.java,1
pro_evaluation_xcglypj , ./src/com/ecity/enn/project/MsgSubscribePublish/EvaluationManageMsg.java,2
pro_evaluation_xcglypj , ./src/com/ecity/enn/project/evaluationmanagement/EvaluationManager.java,7
pro_fn_schedule , ./src/com/ecity/enn/project/fanneng/FanNengManager.java,11
pro_fn_schedule , ./src/com/ecity/enn/projectex/db/ProjectQuantityManager2.java,1
pro_fn_schedule_file , ./src/com/ecity/enn/project/fanneng/FanNengManager.java,3
pro_gx , ./src/com/ecity/enn/project/EnnProjectServiceImpl.java,1
pro_gx , ./src/com/ecity/enn/project/MsgSubscribePublish/EvaluationManageMsg.java,1
pro_gx , ./src/com/ecity/enn/project/db/ProjectBaseinfoManager.java,4
pro_gx , ./src/com/ecity/enn/project/db/ProjectFlowManager.java,1
pro_gx , ./src/com/ecity/enn/project/db/ProjectGXManager.java,50
pro_gx , ./src/com/ecity/enn/project/db/ProjectQualityManager.java,2
pro_gx , ./src/com/ecity/enn/project/db/ProjectSignManagerNew.java,3
pro_gx , ./src/com/ecity/enn/project/db/video/VideoServiceManager.java,1
pro_gx , ./src/com/ecity/enn/project/expschedule/ScheduleManager.java,5
pro_gx , ./src/com/ecity/enn/project/fanneng/FanNengManager.java,2
pro_gx , ./src/com/ecity/enn/project/report/ProjectReportManager.java,3
pro_gx , ./src/com/ecity/enn/projectex/db/ProjectAutoFormManager.java,6
pro_gx , ./src/com/ecity/enn/projectex/db/ProjectAutoFormManager2.java,7
pro_gx , ./src/com/ecity/enn/projectex/db/ProjectHjAndSyInfoManager.java,3
pro_gx , ./src/com/ecity/enn/projectex/db/ProjectWorkControlManager.java,5
pro_gx , ./src/com/ecity/project/weld/WeldManager.java,3
pro_gx_check , ./src/com/ecity/enn/project/MsgSubscribePublish/EvaluationManageMsg.java,2
pro_gx_check , ./src/com/ecity/enn/project/db/ProjectGXManager.java,21
pro_gx_check , ./src/com/ecity/enn/project/db/ProjectJGZLManager.java,1
pro_gx_check , ./src/com/ecity/enn/project/db/ProjectSignManagerNew.java,1
pro_gx_check , ./src/com/ecity/enn/project/db/TransferPositionManager.java,2
pro_gx_check , ./src/com/ecity/enn/project/expschedule/ScheduleManager.java,2
pro_gx_check , ./src/com/ecity/enn/projectex/db/ProjectAutoFormManager2.java,5
pro_gx_form , ./src/com/ecity/enn/project/db/ProjectGXManager.java,12
pro_gx_log , ./src/com/ecity/enn/project/MsgSubscribePublish/EvaluationManageMsg.java,2
pro_gx_log , ./src/com/ecity/enn/project/db/ProjectBaseinfoManager.java,2
pro_gx_log , ./src/com/ecity/enn/project/db/ProjectGXManager.java,13
pro_gx_log , ./src/com/ecity/enn/project/expschedule/ScheduleManager.java,1
pro_gx_log , ./src/com/ecity/enn/project/photo/DeletePhoto.java,3
pro_gx_log_check , ./src/com/ecity/enn/project/MsgSubscribePublish/EvaluationManageMsg.java,1
pro_gx_log_check , ./src/com/ecity/enn/project/Test.java,1
pro_gx_log_check , ./src/com/ecity/enn/project/db/GetGroupUser.java,2
pro_gx_log_check , ./src/com/ecity/enn/project/db/ProjectGXManager.java,21
pro_gx_log_check , ./src/com/ecity/enn/project/db/TransferPositionManager.java,1
pro_gx_log_check , ./src/com/ecity/enn/project/expschedule/ScheduleManager.java,2
pro_gx_log_form , ./src/com/ecity/enn/project/MsgSubscribePublish/EvaluationManageMsg.java,2
pro_gx_log_form , ./src/com/ecity/enn/project/db/ProjectGXManager.java,15
pro_gx_log_form , ./src/com/ecity/enn/project/expschedule/ScheduleManager.java,1
pro_gx_log_form , ./src/com/ecity/enn/projectex/db/ProjectAutoFormManager.java,5
pro_gx_log_form , ./src/com/ecity/enn/projectex/db/ProjectAutoFormManager2.java,5
pro_gx_log_param , ./src/com/ecity/enn/project/MsgSubscribePublish/EvaluationManageMsg.java,2
pro_gx_log_param , ./src/com/ecity/enn/project/db/ProjectGXManager.java,7
pro_gx_log_param , ./src/com/ecity/enn/projectex/db/ProjectAutoFormManager.java,5
pro_gx_log_param , ./src/com/ecity/enn/projectex/db/ProjectAutoFormManager2.java,6
pro_gx_param , ./src/com/ecity/enn/project/db/ProjectGXManager.java,12
pro_gx_video_state , ./src/com/ecity/enn/project/db/video/VideoServiceManager.java,5
pro_gx_video_state_new , ./src/com/ecity/enn/project/db/ProjectGXManager.java,3
pro_gx_video_state_new , ./src/com/ecity/enn/project/db/video/VideoServiceManager.java,15
pro_gx_video_state_realtime , ./src/com/ecity/enn/project/db/ProjectGXManager.java,1
pro_gx_video_state_realtime , ./src/com/ecity/enn/project/db/video/VideoServiceManager.java,16
pro_gys , ./src/com/ecity/enn/project/EnnProjectServiceImpl.java,3
pro_gys , ./src/com/ecity/enn/project/ServiceCore.java,1
pro_gys , ./src/com/ecity/enn/project/db/ProjectOrderManager.java,3
pro_gys , ./src/com/ecity/enn/project/groupMng/CrossAreaManager.java,1
pro_gys , ./src/com/ecity/enn/project/report/ProjectReportManager.java,1
pro_gys , ./src/com/ecity/enn/project/thread/SynGysQueue.java,2
pro_gys_comp , ./src/com/ecity/enn/project/EnnProjectServiceImpl.java,3
pro_gys_comp , ./src/com/ecity/enn/project/ServiceCore.java,2
pro_gys_comp , ./src/com/ecity/enn/project/db/ProjectOrderManager.java,1
pro_gys_comp , ./src/com/ecity/enn/project/groupMng/CrossAreaManager.java,1
pro_gys_comp , ./src/com/ecity/enn/project/thread/SynGysQueue.java,2
pro_hsjd , ./src/com/ecity/enn/project/MsgSubscribePublish/EvaluationManageMsg.java,10
pro_hsjd , ./src/com/ecity/enn/project/Test.java,2
pro_hsjd , ./src/com/ecity/enn/project/db/ProjectBaseinfoManager.java,15
pro_hsjd , ./src/com/ecity/enn/project/db/ProjectCostManager.java,1
pro_hsjd , ./src/com/ecity/enn/project/db/ProjectCostManagerT.java,9
pro_hsjd , ./src/com/ecity/enn/project/db/ProjectFlowManager.java,1
pro_hsjd , ./src/com/ecity/enn/project/db/ProjectGXManager.java,1
pro_hsjd , ./src/com/ecity/enn/project/db/ProjectQualityManager.java,23
pro_hsjd , ./src/com/ecity/enn/project/db/ProjectZLZGManager.java,1
pro_hsjd , ./src/com/ecity/enn/project/db/TransferPositionManager.java,2
pro_hsjd , ./src/com/ecity/enn/project/db/quality/QualityStatQuery.java,6
pro_hsjd , ./src/com/ecity/enn/project/evaluationmanagement/MenEvaluation.java,2
pro_hsjd , ./src/com/ecity/enn/project/evaluationmanagement/ProjectEvaluation.java,3
pro_hsjd , ./src/com/ecity/enn/project/evaluationmanagement/test.java,1
pro_hsjd , ./src/com/ecity/enn/project/fanneng/FanNengManager.java,2
pro_hsjd , ./src/com/ecity/enn/project/report/ProjectReportManager.java,4
pro_hsjd , ./src/com/ecity/enn/project/thread/JGYStoSAPtask.java,1
pro_hsjd , ./src/com/ecity/enn/project/trance/position/TransferPosition.java,4
pro_hsjd , ./src/com/ecity/enn/project/util/HandleGcpjData.java,1
pro_hsjd , ./src/com/ecity/enn/projectex/db/ProjectInfoManager.java,4
pro_hsjd , ./src/com/ecity/enn/projectex/db/ProjectQuantityManager.java,1
pro_hsjd , ./src/com/ecity/enn/projectex/db/ProjectWorkRemindManager.java,9
pro_hsjd , ./src/com/ecity/project/weld/WeldManager.java,1
pro_hsjd_sign , ./src/com/ecity/enn/project/MsgSubscribePublish/EvaluationManageMsg.java,6
pro_hsjd_sign , ./src/com/ecity/enn/project/db/ProjectBaseinfoManager.java,5
pro_hsjd_sign , ./src/com/ecity/enn/project/db/ProjectFlowManager.java,1
pro_hsjd_sign , ./src/com/ecity/enn/project/db/ProjectQualityManager.java,16
pro_hsjd_sign , ./src/com/ecity/enn/project/db/ProjectZLZGManager.java,1
pro_hsjd_sign , ./src/com/ecity/enn/project/db/TransferPositionManager.java,1
pro_hsjd_sign , ./src/com/ecity/enn/project/trance/position/TransferPosition.java,2
pro_hsjd_sign , ./src/com/ecity/enn/project/util/HandleGcpjData.java,1
pro_hsjd_sign , ./src/com/ecity/enn/projectex/db/ProjectInfoManager.java,4
pro_hsjd_sign , ./src/com/ecity/enn/projectex/db/ProjectQuantityManager.java,1
pro_hsjd_sign , ./src/com/ecity/enn/projectex/db/ProjectWorkRemindManager.java,6
pro_hsjd_view , ./src/com/ecity/enn/project/MsgSubscribePublish/EvaluationManageMsg.java,2
pro_hsjd_view , ./src/com/ecity/enn/project/db/ProjectQualityManager.java,4
pro_inspection , ./src/com/ecity/enn/project/inspection/InspectionManager.java,7
pro_inspection_file , ./src/com/ecity/enn/project/inspection/InspectionManager.java,11
pro_men , ./src/com/ecity/enn/project/ENNProjectServiceRestImpl.java,3
pro_men , ./src/com/ecity/enn/project/db/ProjectBaseinfoManager.java,8
pro_men , ./src/com/ecity/enn/project/db/ProjectCYGXManager.java,1
pro_men , ./src/com/ecity/enn/project/db/ProjectMenManager.java,11
pro_men , ./src/com/ecity/enn/project/db/ProjectProcessManager.java,3
pro_men , ./src/com/ecity/enn/project/vo/FunVO.java,1
pro_men , ./src/com/ecity/enn/projectex/db/ProjectGdhjManager.java,1
pro_men , ./src/com/ecity/enn/projectex/db/ProjectInfoManager.java,3
pro_men , ./src/com/ecity/enn/projectex/db/ProjectQuantityManager.java,1
pro_men_detail , ./src/com/ecity/enn/project/db/ProjectMenManager.java,11
pro_men_detail , ./src/com/ecity/enn/project/thread/ProjectMenTask.java,2
pro_men_detail , ./src/com/ecity/enn/projectex/db/ProjectGdhjManager.java,1
pro_men_detail , ./src/com/ecity/enn/projectex/db/ProjectInfoManager.java,2
pro_men_detail_history , ./src/com/ecity/enn/project/db/ProjectMenManager.java,1
pro_men_history , ./src/com/ecity/enn/project/db/ProjectMenManager.java,1
pro_men_pro , ./src/com/ecity/enn/project/db/ProjectFlowManager.java,1
pro_men_pro , ./src/com/ecity/enn/project/db/ProjectMenManager.java,2
pro_men_relation , ./src/com/ecity/enn/project/db/ProjectMenManager.java,2
pro_men_status , ./src/com/ecity/enn/project/db/ProjectMenManager.java,3
pro_msg_log , ./src/com/ecity/enn/project/db/ProjectFlowManager.java,6
pro_msg_log , ./src/com/ecity/enn/project/db/ProjectMsgManager.java,1
pro_msg_log , ./src/com/ecity/enn/project/db/ProjectQualityManager.java,1
pro_msg_log , ./src/com/ecity/enn/projectex/db/ProjectWorkRemindManager.java,14
pro_msg_sys_upgrade , ./src/com/ecity/enn/project/db/ProjectNoticeManager.java,8
pro_msg_sys_upgrade_usertag , ./src/com/ecity/enn/project/db/ProjectNoticeManager.java,7
pro_near_oper , ./src/com/ecity/enn/project/log/ProNearOper.java,1
pro_notice , ./src/com/ecity/enn/project/db/ProjectNoticeManager.java,7
pro_notice , ./src/com/ecity/enn/project/quality/check/test.java,1
pro_notice_tag , ./src/com/ecity/enn/project/db/ProjectNoticeManager.java,6
pro_notice_tag_userid , ./src/com/ecity/enn/project/db/ProjectNoticeManager.java,7
pro_order , ./src/com/ecity/enn/project/db/ProjectCostBudgetInfo.java,1
pro_order , ./src/com/ecity/enn/project/db/ProjectCostManager.java,1
pro_order , ./src/com/ecity/enn/project/db/ProjectFlowManager.java,1
pro_order , ./src/com/ecity/enn/project/db/ProjectOrderManager.java,22
pro_order , ./src/com/ecity/enn/project/db/ProjectQualityManager.java,1
pro_order , ./src/com/ecity/enn/project/report/ProjectReportManager.java,1
pro_order_detail , ./src/com/ecity/enn/project/db/ProjectOrderManager.java,14
pro_order_detail , ./src/com/ecity/enn/project/report/ProjectReportManager.java,1
pro_order_wltmpl , ./src/com/ecity/enn/project/db/ProjectOrderManager.java,2
pro_process_salestate , ./src/com/ecity/enn/project/db/ProjectBaseinfoManager.java,12
pro_process_salestate , ./src/com/ecity/enn/project/db/ProjectQualityManager.java,2
pro_qc , ./src/com/ecity/enn/project/define/TABLE_DEF.java,1
pro_qc , ./src/com/ecity/enn/project/quality/check/QualityCheck.java,9
pro_qc , ./src/com/ecity/enn/project/quality/check/QualityCheckServer.java,1
pro_qc_file , ./src/com/ecity/enn/project/quality/check/QualityCheck.java,3
pro_qc_problem , ./src/com/ecity/enn/project/db/quality/QualityStatQuery.java,6
pro_qc_problem , ./src/com/ecity/enn/project/quality/check/QualityCheck.java,7
pro_qc_problem , ./src/com/ecity/enn/project/quality/check/QualityCheckServer.java,1
pro_qc_prolist , ./src/com/ecity/enn/project/quality/check/QualityCheck.java,7
pro_sale_basic , ./src/com/ecity/enn/project/ENNProjectServiceRestImpl.java,1
pro_sale_basic , ./src/com/ecity/enn/project/db/ProjectBaseinfoManager.java,2
pro_sale_basic , ./src/com/ecity/enn/project/db/ProjectCYGXManager.java,1
pro_sale_basic , ./src/com/ecity/enn/project/db/camera/CameraServiceManager.java,1
pro_sale_basic , ./src/com/ecity/enn/project/saleproject/GetExitProInfo.java,1
pro_sale_basic , ./src/com/ecity/enn/project/saleproject/GetSalePro.java,1
pro_sale_basic , ./src/com/ecity/enn/project/saleproject/GetfszyInfo.java,1
pro_sale_basic , ./src/com/ecity/enn/project/saleproject/ProListAllManager.java,2
pro_sale_basic , ./src/com/ecity/enn/project/saleproject/SaleProjectCreater.java,4
pro_sale_bi , ./src/com/ecity/enn/project/EnnVerifySaleServiceImpl.java,3
pro_sale_bi , ./src/com/ecity/enn/project/saleproject/GetSalePro.java,2
pro_sale_bi , ./src/com/ecity/enn/project/saleproject/SaleProjectCreater.java,1
pro_sale_user , ./src/com/ecity/enn/project/EnnSaleUserServiceImpl.java,3
pro_sale_user , ./src/com/ecity/enn/project/thread/SaleUserToPro.java,1
pro_sale_user , ./src/com/ecity/enn/project/thread/object/SaleUserQueue.java,1
pro_sale_zccf , ./src/com/ecity/enn/project/saleproject/PropertyClassifyManager.java,4
pro_sb , ./src/com/ecity/enn/project/db/ProjectEquipmentManager.java,4
pro_sb , ./src/com/ecity/enn/projectex/db/ProjectHjAndSyInfoManager.java,2
pro_set_bjhg , ./src/com/ecity/enn/project/baojianhegui/BJHGManager.java,5
pro_set_bjhg , ./src/com/ecity/enn/project/baojianhegui/ProjectReportPointsManager.java,4
pro_set_chkorder , ./src/com/ecity/enn/project/db/ProjectCheckOrder.java,1
pro_set_chkorder_item , ./src/com/ecity/enn/project/db/ProjectCheckOrder.java,1
pro_set_chkorder_param , ./src/com/ecity/enn/project/db/ProjectCheckOrder.java,1
pro_set_cost_wbs , ./src/com/ecity/enn/project/db/ProjectBaseinfoManager.java,1
pro_set_cost_wbs , ./src/com/ecity/enn/project/db/ProjectCostManagerNew.java,1
pro_set_cost_wbs , ./src/com/ecity/enn/project/db/ProjectWLManager.java,3
pro_set_cost_wbs , ./src/com/ecity/enn/project/db/ValueMangerNew.java,2
pro_set_cost_wbs , ./src/com/ecity/enn/project/define/TABLE_DEF.java,1
pro_set_cost_wbs , ./src/com/ecity/enn/project/protype/GetWLMRInfo.java,1
pro_set_cost_wl , ./src/com/ecity/enn/project/db/ProjectBaseinfoManager.java,2
pro_set_cost_wl , ./src/com/ecity/enn/project/protype/DeleteWLMRCost.java,1
pro_set_cost_wl , ./src/com/ecity/enn/project/protype/GetWLMRInfo.java,1
pro_set_doc , ./src/com/ecity/enn/project/db/ProjectDocManager.java,3
pro_set_doc_type , ./src/com/ecity/enn/project/db/ProjectDocManager.java,1
pro_set_factory , ./src/com/ecity/enn/project/EnnProjectServiceImpl.java,1
pro_set_factory , ./src/com/ecity/enn/project/db/ProjectBaseinfoManager.java,1
pro_set_factory , ./src/com/ecity/enn/project/db/ProjectWLManager.java,1
pro_set_flow , ./src/com/ecity/enn/project/baojianhegui/BJHGManager.java,1
pro_set_flow , ./src/com/ecity/enn/project/db/ProjectBaseinfoManager.java,8
pro_set_flow , ./src/com/ecity/enn/project/db/ProjectBudgetMuserManager.java,1
pro_set_flow , ./src/com/ecity/enn/project/db/ProjectCYGXManager.java,1
pro_set_flow , ./src/com/ecity/enn/project/db/ProjectCostAudit.java,1
pro_set_flow , ./src/com/ecity/enn/project/db/ProjectCostControlManager.java,4
pro_set_flow , ./src/com/ecity/enn/project/db/ProjectFlowManager.java,2
pro_set_flow , ./src/com/ecity/enn/project/db/ProjectOrderManager.java,1
pro_set_flow , ./src/com/ecity/enn/project/db/ProjectSJBGManager.java,1
pro_set_flow , ./src/com/ecity/enn/project/db/ProjectSignManagerNew.java,2
pro_set_flow , ./src/com/ecity/enn/project/db/ProjectWLManager.java,1
pro_set_flow , ./src/com/ecity/enn/project/db/ProjectXCQZManager.java,1
pro_set_flow , ./src/com/ecity/enn/project/db/ProjectZLZGManager.java,2
pro_set_flow , ./src/com/ecity/enn/project/db/camera/CameraServiceManager.java,1
pro_set_flow , ./src/com/ecity/enn/project/inspection/InspectionManager.java,1
pro_set_flow , ./src/com/ecity/enn/project/log/ProNearOper.java,1
pro_set_flow , ./src/com/ecity/enn/project/quality/check/QualityCheck.java,1
pro_set_flow , ./src/com/ecity/enn/project/report/ProjectReportManager.java,5
pro_set_flow , ./src/com/ecity/enn/project/schedule/stat/ScheduleStatic.java,1
pro_set_flow , ./src/com/ecity/enn/projectex/db/ProjectDangerWorkManager.java,1
pro_set_flow , ./src/com/ecity/enn/projectex/db/ProjectGdhjManager.java,2
pro_set_flow , ./src/com/ecity/enn/projectex/db/ProjectInfoManager.java,5
pro_set_flow , ./src/com/ecity/enn/projectex/db/ProjectInspectManager.java,2
pro_set_flow , ./src/com/ecity/enn/projectex/db/ProjectQuantityManager.java,3
pro_set_flow , ./src/com/ecity/enn/projectex/db/ProjectQuantityManager2.java,5
pro_set_flow , ./src/com/ecity/enn/projectex/db/ProjectSafeManager.java,1
pro_set_flow , ./src/com/ecity/enn/projectex/db/ProjectWorkControlManager.java,4
pro_set_flow , ./src/com/ecity/enn/projectex/db/ProjectWorkRemindManager.java,13
pro_set_flow , ./src/com/ecity/project/weld/WeldManager.java,2
pro_set_flow_fun , ./src/com/ecity/enn/project/db/ProjectFlowManager.java,1
pro_set_flow_msg , ./src/com/ecity/enn/project/db/ProjectExtension.java,1
pro_set_flow_msg , ./src/com/ecity/enn/project/db/ProjectFlowManager.java,4
pro_set_flow_msg , ./src/com/ecity/enn/project/db/ProjectMsgManager.java,1
pro_set_flow_msg , ./src/com/ecity/enn/projectex/db/ProjectWorkRemindManager.java,4
pro_set_flow_oper , ./src/com/ecity/enn/project/db/ProjectFlowManager.java,3
pro_set_flow_oper , ./src/com/ecity/enn/project/db/ProjectNoticeManager.java,1
pro_set_flow_oper , ./src/com/ecity/enn/project/db/dutysign/AOnOffDutySignQuerier.java,1
pro_set_group_pos , ./src/com/ecity/enn/project/db/ProjectBaseinfoManager.java,5
pro_set_group_pos , ./src/com/ecity/enn/project/groupMng/GetGroupMng.java,1
pro_set_group_pos , ./src/com/ecity/enn/projectex/db/ProjectInfoManager.java,6
pro_set_gx , ./src/com/ecity/enn/project/db/ProjectGXManager.java,3
pro_set_gx , ./src/com/ecity/enn/project/db/ProjectSetManager.java,6
pro_set_gx , ./src/com/ecity/enn/project/fanneng/FanNengManager.java,1
pro_set_gx , ./src/com/ecity/enn/projectex/db/ProjectWorkControlManager.java,3
pro_set_gx_form , ./src/com/ecity/enn/project/db/ProjectGXManager.java,1
pro_set_gx_form , ./src/com/ecity/enn/project/db/ProjectSetManager.java,8
pro_set_gx_param , ./src/com/ecity/enn/project/db/ProjectGXManager.java,1
pro_set_gx_param , ./src/com/ecity/enn/project/db/ProjectSetManager.java,8
pro_set_gx_protype , ./src/com/ecity/enn/project/db/ProjectGXManager.java,2
pro_set_gx_protype , ./src/com/ecity/enn/project/db/ProjectSetManager.java,2
pro_set_gx_protype , ./src/com/ecity/enn/project/fanneng/FanNengManager.java,1
pro_set_inspection , ./src/com/ecity/enn/project/inspection/InspectionManager.java,4
pro_set_jgzl , ./src/com/ecity/enn/project/db/ProjectJGZLManager.java,2
pro_set_loc , ./src/com/ecity/enn/project/db/ProjectWLManager.java,1
pro_set_month , ./src/com/ecity/enn/project/cost/stat/CostStatGshQuery.java,4
pro_set_month , ./src/com/ecity/enn/project/cost/stat/CostStatHzQuery.java,2
pro_set_month , ./src/com/ecity/enn/project/cost/stat/CostStatMyhQuery.java,2
pro_set_month , ./src/com/ecity/enn/project/cost/stat/CostStatSzzyQuery.java,3
pro_set_month , ./src/com/ecity/enn/project/db/quality/QualityStatQuery.java,5
pro_set_month , ./src/com/ecity/enn/project/evaluationmanagement/ProjectEvaluation.java,1
pro_set_org_company , ./src/com/ecity/enn/project/EnnProjectServiceImpl.java,1
pro_set_org_company , ./src/com/ecity/enn/project/ServiceCore.java,1
pro_set_org_company , ./src/com/ecity/enn/project/db/ProjectBaseinfoManager.java,8
pro_set_org_company , ./src/com/ecity/enn/project/db/ProjectCYGXManager.java,1
pro_set_org_company , ./src/com/ecity/enn/project/db/ProjectCostManager.java,1
pro_set_org_company , ./src/com/ecity/enn/project/db/camera/CameraServiceManager.java,1
pro_set_org_company , ./src/com/ecity/enn/project/protype/GetUserGroups.java,1
pro_set_org_company , ./src/com/ecity/enn/project/saleproject/GetCompanyInfo.java,1
pro_set_org_company , ./src/com/ecity/enn/project/saleproject/GetFactoryCode.java,1
pro_set_org_company , ./src/com/ecity/enn/projectex/db/ProjectInfoManager.java,2
pro_set_org_company , ./src/com/ecity/enn/projectex/db/ProjectQuantityManager.java,1
pro_set_protype , ./src/com/ecity/enn/project/baojianhegui/BJHGManager.java,1
pro_set_protype , ./src/com/ecity/enn/project/db/ErrorLogManager.java,2
pro_set_protype , ./src/com/ecity/enn/project/db/ProjectBaseinfoManager.java,8
pro_set_protype , ./src/com/ecity/enn/project/db/ProjectBudgetMuserManager.java,1
pro_set_protype , ./src/com/ecity/enn/project/db/ProjectCYGXManager.java,1
pro_set_protype , ./src/com/ecity/enn/project/db/ProjectCostAudit.java,1
pro_set_protype , ./src/com/ecity/enn/project/db/ProjectCostControlManager.java,4
pro_set_protype , ./src/com/ecity/enn/project/db/ProjectCostManager.java,5
pro_set_protype , ./src/com/ecity/enn/project/db/ProjectCostManagerNew.java,3
pro_set_protype , ./src/com/ecity/enn/project/db/ProjectCostManagerT.java,35
pro_set_protype , ./src/com/ecity/enn/project/db/ProjectOrderManager.java,1
pro_set_protype , ./src/com/ecity/enn/project/db/ProjectProcessManager.java,8
pro_set_protype , ./src/com/ecity/enn/project/db/ProjectSJBGManager.java,1
pro_set_protype , ./src/com/ecity/enn/project/db/ProjectSignManagerNew.java,2
pro_set_protype , ./src/com/ecity/enn/project/db/ProjectWLManager.java,1
pro_set_protype , ./src/com/ecity/enn/project/db/ProjectXCQZManager.java,1
pro_set_protype , ./src/com/ecity/enn/project/db/ProjectZLZGManager.java,2
pro_set_protype , ./src/com/ecity/enn/project/db/camera/CameraServiceManager.java,1
pro_set_protype , ./src/com/ecity/enn/project/db/quality/QualityStatQuery.java,1
pro_set_protype , ./src/com/ecity/enn/project/evaluationmanagement/ProjectEvaluation.java,1
pro_set_protype , ./src/com/ecity/enn/project/inspection/InspectionManager.java,1
pro_set_protype , ./src/com/ecity/enn/project/log/ProNearOper.java,1
pro_set_protype , ./src/com/ecity/enn/project/protype/GetAllProType.java,1
pro_set_protype , ./src/com/ecity/enn/project/quality/check/QualityCheck.java,1
pro_set_protype , ./src/com/ecity/enn/project/report/ProjectReportManager.java,6
pro_set_protype , ./src/com/ecity/enn/project/schedule/stat/ScheduleStatic.java,1
pro_set_protype , ./src/com/ecity/enn/projectex/db/ProjectAutoFormManager.java,2
pro_set_protype , ./src/com/ecity/enn/projectex/db/ProjectAutoFormManager2.java,1
pro_set_protype , ./src/com/ecity/enn/projectex/db/ProjectDangerWorkManager.java,1
pro_set_protype , ./src/com/ecity/enn/projectex/db/ProjectInfoManager.java,5
pro_set_protype , ./src/com/ecity/enn/projectex/db/ProjectInspectManager.java,2
pro_set_protype , ./src/com/ecity/enn/projectex/db/ProjectQuantityManager.java,3
pro_set_protype , ./src/com/ecity/enn/projectex/db/ProjectQuantityManager2.java,10
pro_set_protype , ./src/com/ecity/enn/projectex/db/ProjectSafeManager.java,1
pro_set_protype , ./src/com/ecity/enn/projectex/db/ProjectWorkControlManager.java,5
pro_set_protype , ./src/com/ecity/project/weld/WeldManager.java,1
pro_set_protype_sap , ./src/com/ecity/enn/project/EnnProjectServiceImpl.java,1
pro_set_protype_sap , ./src/com/ecity/enn/project/saleproject/GetSaleProType.java,1
pro_set_protype_sap , ./src/com/ecity/enn/project/saleproject/ProTemplateConfManager.java,1
pro_set_protype_sap , ./src/com/ecity/enn/project/saleproject/createProjectManager.java,1
pro_set_qc_problem , ./src/com/ecity/enn/project/quality/check/QualityCheck.java,1
pro_set_sgteam , ./src/com/ecity/enn/project/db/ProjectCostControlManager.java,1
pro_set_sgteam , ./src/com/ecity/enn/project/db/ProjectWLHXManager.java,1
pro_set_sgteam , ./src/com/ecity/enn/project/db/ProjectWLManager.java,4
pro_set_sgteam , ./src/com/ecity/enn/project/quality/check/test.java,1
pro_set_sgteam , ./src/com/ecity/enn/project/report/ProjectReportManager.java,2
pro_set_trance_check , ./src/com/ecity/enn/project/trance/position/TransferPosition.java,1
pro_set_wl_meta , ./src/com/ecity/enn/project/EnnProjectServiceImpl.java,1
pro_set_wl_meta , ./src/com/ecity/enn/project/cost/stat/CostStatCalculation.java,1
pro_set_wl_meta , ./src/com/ecity/enn/project/db/ProjectCostControlManager.java,5
pro_set_wl_meta , ./src/com/ecity/enn/project/db/ProjectCostManagerNew.java,1
pro_set_wl_meta , ./src/com/ecity/enn/project/db/ProjectSetManager.java,2
pro_set_wl_meta , ./src/com/ecity/enn/project/db/ProjectWLHXManager.java,3
pro_set_wl_meta , ./src/com/ecity/enn/project/db/ProjectWLManager.java,11
pro_set_wl_meta , ./src/com/ecity/enn/project/db/ValueMangerNew.java,6
pro_set_wl_meta , ./src/com/ecity/enn/project/report/ProjectReportManager.java,2
pro_set_wl_meta , ./src/com/ecity/enn/project/thread/SynWlQueue.java,2
pro_set_wl_meta_fac , ./src/com/ecity/enn/project/EnnProjectServiceImpl.java,1
pro_set_wl_meta_fac , ./src/com/ecity/enn/project/db/ProjectWLManager.java,4
pro_set_wl_meta_fac , ./src/com/ecity/enn/project/thread/SynWlQueue.java,2
pro_set_wl_meta_factory , ./src/com/ecity/enn/project/EnnProjectServiceImpl.java,1
pro_set_wl_meta_factory , ./src/com/ecity/enn/project/db/ProjectCostControlManager.java,2
pro_set_wl_meta_factory , ./src/com/ecity/enn/project/db/ProjectWLManager.java,10
pro_set_wl_meta_factory , ./src/com/ecity/enn/project/db/ValueMangerNew.java,5
pro_set_wl_meta_factory , ./src/com/ecity/enn/project/protype/AddWlInfoByGroup.java,5
pro_set_wl_meta_factory , ./src/com/ecity/enn/project/thread/SynWlQueue.java,2
pro_set_wl_meta_order , ./src/com/ecity/enn/project/db/ProjectOrderManager.java,3
pro_set_wl_meta_order , ./src/com/ecity/enn/project/report/ProjectReportManager.java,2
pro_set_wl_meta_tmp , ./src/com/ecity/enn/project/EnnProjectServiceImpl.java,1
pro_set_year , ./src/com/ecity/enn/project/db/quality/QualityStatQuery.java,5
pro_sign_log , ./src/com/ecity/enn/project/db/ProjectSignManagerNew.java,3
pro_sign_log_file , ./src/com/ecity/enn/project/db/ProjectSignManagerNew.java,6
pro_site_conf , ./src/com/ecity/enn/project/db/sitelog/SiteLogManger.java,1
pro_site_log , ./src/com/ecity/enn/project/db/sitelog/SiteLogManger.java,3
pro_site_log_check , ./src/com/ecity/enn/project/db/sitelog/SiteLogManger.java,1
pro_site_log_file , ./src/com/ecity/enn/project/db/sitelog/SiteLogManger.java,2
pro_sjbg , ./src/com/ecity/enn/project/EnnCostStatServiceImpl.java,1
pro_sjbg , ./src/com/ecity/enn/project/MsgSubscribePublish/EvaluationManageMsg.java,1
pro_sjbg , ./src/com/ecity/enn/project/db/ProjectBaseinfoManager.java,4
pro_sjbg , ./src/com/ecity/enn/project/db/ProjectCostControlManager.java,1
pro_sjbg , ./src/com/ecity/enn/project/db/ProjectCostManagerT.java,10
pro_sjbg , ./src/com/ecity/enn/project/db/ProjectFlowManager.java,2
pro_sjbg , ./src/com/ecity/enn/project/db/ProjectQualityManager.java,1
pro_sjbg , ./src/com/ecity/enn/project/db/ProjectSJBGManager.java,15
pro_sjbg , ./src/com/ecity/enn/project/db/ProjectYHJYManager.java,1
pro_sjbg , ./src/com/ecity/enn/project/db/TransferPositionManager.java,1
pro_sjbg , ./src/com/ecity/enn/project/report/ProjectReportManager.java,1
pro_sjbg , ./src/com/ecity/enn/project/util/HandleGcpjData.java,1
pro_sjbg_check , ./src/com/ecity/enn/project/db/ProjectSJBGManager.java,12
pro_sjbg_check , ./src/com/ecity/enn/project/db/TransferPositionManager.java,1
pro_sjbg_check , ./src/com/ecity/enn/project/define/errenum/EnumSJBGErrDef.java,1
pro_sjbg_cost , ./src/com/ecity/enn/project/db/ProjectSJBGManager.java,3
pro_sjbg_cost , ./src/com/ecity/enn/project/db/TransferPositionManager.java,1
pro_sjbg_design , ./src/com/ecity/enn/project/db/ProjectSJBGManager.java,3
pro_special_bi , ./src/com/ecity/enn/project/extradata/ExtraDataManager.java,3
pro_template_conf , ./src/com/ecity/enn/project/saleproject/GetCompanyInfo.java,1
pro_template_conf , ./src/com/ecity/enn/project/saleproject/GetSaleProType.java,1
pro_template_conf , ./src/com/ecity/enn/project/saleproject/GetTemplateFile.java,1
pro_template_conf , ./src/com/ecity/enn/project/saleproject/ProTemplateConfManager.java,5
pro_template_conf , ./src/com/ecity/enn/project/saleproject/createProjectManager.java,1
pro_visitor_cities , ./src/com/ecity/enn/project/db/visitor/VisitorManager.java,3
pro_visitor_coordinate , ./src/com/ecity/enn/project/db/visitor/VisitorManager.java,1
pro_visitor_province , ./src/com/ecity/enn/project/db/visitor/VisitorManager.java,1
pro_weld , ./src/com/ecity/enn/project/EnnProjectServiceImpl.java,2
pro_weld , ./src/com/ecity/project/weld/WeldManager.java,13
pro_weld_file , ./src/com/ecity/project/weld/WeldManager.java,3
pro_wl_hx , ./src/com/ecity/enn/project/cost/stat/CostStatCalculation.java,7
pro_wl_hx , ./src/com/ecity/enn/project/db/ProjectCostControlManager.java,2
pro_wl_hx , ./src/com/ecity/enn/project/db/ProjectCostManagerNew.java,1
pro_wl_hx , ./src/com/ecity/enn/project/db/ProjectFlowManager.java,1
pro_wl_hx , ./src/com/ecity/enn/project/db/ProjectWLHXManager.java,16
pro_wl_hx , ./src/com/ecity/enn/project/db/ProjectWLManager.java,1
pro_wl_hx , ./src/com/ecity/enn/project/db/ValueMangerNew.java,1
pro_wl_hx , ./src/com/ecity/enn/project/report/ProjectReportManager.java,2
pro_wl_hx_detail , ./src/com/ecity/enn/project/EnnProjectServiceImpl.java,2
pro_wl_hx_detail , ./src/com/ecity/enn/project/cost/stat/CostStatCalculation.java,1
pro_wl_hx_detail , ./src/com/ecity/enn/project/db/ProjectCostControlManager.java,3
pro_wl_hx_detail , ./src/com/ecity/enn/project/db/ProjectCostManagerNew.java,1
pro_wl_hx_detail , ./src/com/ecity/enn/project/db/ProjectWLHXManager.java,16
pro_wl_hx_detail , ./src/com/ecity/enn/project/db/ProjectWLManager.java,2
pro_wl_hx_detail , ./src/com/ecity/enn/project/db/ValueMangerNew.java,1
pro_wl_hx_detail , ./src/com/ecity/enn/project/report/ProjectReportManager.java,2
pro_wl_hx_t , ./src/com/ecity/enn/project/db/ProjectFlowManager.java,1
pro_wl_hx_t , ./src/com/ecity/enn/project/db/ProjectWLHXManager.java,7
pro_wl_plan_ly , ./src/com/ecity/enn/project/cost/stat/CostStatCalculation.java,1
pro_wl_plan_ly , ./src/com/ecity/enn/project/db/ProjectCostControlManager.java,3
pro_wl_plan_ly , ./src/com/ecity/enn/project/db/ProjectCostManagerNew.java,1
pro_wl_plan_ly , ./src/com/ecity/enn/project/db/ProjectFlowManager.java,1
pro_wl_plan_ly , ./src/com/ecity/enn/project/db/ProjectQualityManager.java,1
pro_wl_plan_ly , ./src/com/ecity/enn/project/db/ProjectWLHXManager.java,4
pro_wl_plan_ly , ./src/com/ecity/enn/project/db/ProjectWLManager.java,10
pro_wl_plan_ly , ./src/com/ecity/enn/project/db/ValueMangerNew.java,2
pro_wl_plan_ly , ./src/com/ecity/enn/project/report/ProjectReportManager.java,2
pro_wl_plan_ly_detail , ./src/com/ecity/enn/project/EnnProjectServiceImpl.java,2
pro_wl_plan_ly_detail , ./src/com/ecity/enn/project/cost/stat/CostStatCalculation.java,1
pro_wl_plan_ly_detail , ./src/com/ecity/enn/project/db/ProjectCostControlManager.java,2
pro_wl_plan_ly_detail , ./src/com/ecity/enn/project/db/ProjectCostManagerNew.java,1
pro_wl_plan_ly_detail , ./src/com/ecity/enn/project/db/ProjectWLHXManager.java,2
pro_wl_plan_ly_detail , ./src/com/ecity/enn/project/db/ProjectWLManager.java,14
pro_wl_plan_ly_detail , ./src/com/ecity/enn/project/db/ValueMangerNew.java,2
pro_wl_plan_ly_detail , ./src/com/ecity/enn/project/report/ProjectReportManager.java,2
pro_wl_plan_nopro , ./src/com/ecity/enn/project/db/ProjectWLManager.java,4
pro_wl_plan_xq , ./src/com/ecity/enn/project/db/ProjectFlowManager.java,1
pro_wl_plan_xq , ./src/com/ecity/enn/project/db/ProjectWLManager.java,8
pro_wl_plan_xq , ./src/com/ecity/enn/project/db/TransferPositionManager.java,2
pro_wl_plan_xq_detail , ./src/com/ecity/enn/project/db/ProjectWLManager.java,4
pro_wl_plan_xq_file , ./src/com/ecity/enn/project/db/ProjectWLManager.java,5
pro_wl_temp , ./src/com/ecity/enn/project/EnnProjectServiceImpl.java,2
pro_wl_temp , ./src/com/ecity/enn/project/db/ProjectCostManagerNew.java,2
pro_wl_temp , ./src/com/ecity/enn/project/db/ValueMangerNew.java,2
pro_wl_temp , ./src/com/ecity/enn/project/report/ProjectReportManager.java,2
pro_wl_tmpl , ./src/com/ecity/enn/project/db/ProjectWLManager.java,1
pro_wl_tmpl_detail , ./src/com/ecity/enn/project/db/ProjectWLManager.java,2
pro_xcqz , ./src/com/ecity/enn/project/EnnCostStatServiceImpl.java,1
pro_xcqz , ./src/com/ecity/enn/project/db/ProjectBaseinfoManager.java,6
pro_xcqz , ./src/com/ecity/enn/project/db/ProjectCostControlManager.java,1
pro_xcqz , ./src/com/ecity/enn/project/db/ProjectCostManagerT.java,10
pro_xcqz , ./src/com/ecity/enn/project/db/ProjectFlowManager.java,3
pro_xcqz , ./src/com/ecity/enn/project/db/ProjectJGZLManager.java,1
pro_xcqz , ./src/com/ecity/enn/project/db/ProjectQualityManager.java,1
pro_xcqz , ./src/com/ecity/enn/project/db/ProjectXCQZManager.java,20
pro_xcqz , ./src/com/ecity/enn/project/db/ProjectYHJYManager.java,1
pro_xcqz , ./src/com/ecity/enn/project/db/ProjectZLZGManager.java,1
pro_xcqz , ./src/com/ecity/enn/project/db/TransferPositionManager.java,1
pro_xcqz , ./src/com/ecity/enn/project/report/ProjectReportManager.java,1
pro_xcqz , ./src/com/ecity/enn/projectex/db/ProjectInfoManager.java,4
pro_xcqz , ./src/com/ecity/enn/projectex/db/ProjectQuantityManager.java,1
pro_xcqz , ./src/com/ecity/enn/projectex/db/ProjectWorkRemindManager.java,6
pro_xcqz_check , ./src/com/ecity/enn/project/db/ProjectXCQZManager.java,12
pro_xcqz_check , ./src/com/ecity/enn/project/db/TransferPositionManager.java,1
pro_xcqz_check , ./src/com/ecity/enn/project/define/errenum/EnumXCQZErrDef.java,1
pro_xcqz_cost , ./src/com/ecity/enn/project/db/ProjectXCQZManager.java,6
pro_xcqz_cost , ./src/com/ecity/enn/project/db/TransferPositionManager.java,1
pro_xcqz_cost_check , ./src/com/ecity/enn/project/db/ProjectBaseinfoManager.java,2
pro_xcqz_cost_check , ./src/com/ecity/enn/project/db/ProjectXCQZManager.java,10
pro_xcqz_cost_check , ./src/com/ecity/enn/project/db/ProjectZLZGManager.java,1
pro_xcqz_cost_check , ./src/com/ecity/enn/projectex/db/ProjectInfoManager.java,4
pro_xcqz_cost_check , ./src/com/ecity/enn/projectex/db/ProjectQuantityManager.java,1
pro_xcqz_cost_check , ./src/com/ecity/enn/projectex/db/ProjectWorkRemindManager.java,6
pro_yhjy , ./src/com/ecity/enn/project/ENNProjectServiceRestImpl.java,1
pro_yhjy , ./src/com/ecity/enn/project/db/ProjectYHJYManager.java,4
pro_yhjy_dz , ./src/com/ecity/enn/project/db/ProjectYHJYManager.java,10
pro_yhjy_hf , ./src/com/ecity/enn/project/db/ProjectYHJYManager.java,2
pro_zlzg , ./src/com/ecity/enn/project/MsgSubscribePublish/EvaluationManageMsg.java,5
pro_zlzg , ./src/com/ecity/enn/project/db/ProjectFlowManager.java,1
pro_zlzg , ./src/com/ecity/enn/project/db/ProjectQualityManager.java,1
pro_zlzg , ./src/com/ecity/enn/project/db/ProjectZLZGManager.java,12
pro_zlzg , ./src/com/ecity/enn/project/db/TransferPositionManager.java,2
pro_zlzg , ./src/com/ecity/enn/project/db/quality/QualityStatQuery.java,19
pro_zlzg , ./src/com/ecity/enn/project/photo/DeleteProblem.java,2
pro_zlzg , ./src/com/ecity/enn/project/report/ProjectReportManager.java,1
pro_zlzg , ./src/com/ecity/enn/project/util/HandleGcpjData.java,2
pro_zlzg , ./src/com/ecity/enn/projectex/db/ProjectInspectManager.java,8
pro_zlzg , ./src/com/ecity/enn/projectex/db/ProjectWorkRemindManager.java,1
pro_zlzg_check , ./src/com/ecity/enn/project/db/ProjectZLZGManager.java,4
pro_zlzg_check , ./src/com/ecity/enn/project/db/TransferPositionManager.java,1
pro_zlzg_finish , ./src/com/ecity/enn/project/db/ProjectZLZGManager.java,4
pro_zlzg_finish , ./src/com/ecity/enn/project/db/TransferPositionManager.java,1
proex_aqjd , ./src/com/ecity/enn/projectex/db/ProjectSafeManager.java,28
proex_aqpx , ./src/com/ecity/enn/projectex/db/ProjectSafeManager.java,11
proex_camera_operation , ./src/com/ecity/enn/project/db/camera/CameraServiceManager.java,6
proex_camera_operation , ./src/com/ecity/enn/projectex/db/ProjectInfoManager.java,3
proex_camera_relation_xmb , ./src/com/ecity/enn/project/db/camera/CameraServiceManager.java,5
proex_camera_relation_xmb , ./src/com/ecity/enn/projectex/db/ProjectInfoManager.java,10
proex_dic , ./src/com/ecity/enn/project/db/ProjectBaseinfoManager.java,2
proex_dic , ./src/com/ecity/enn/projectex/db/ProjectDangerWorkManager.java,4
proex_dic , ./src/com/ecity/enn/projectex/db/ProjectDicManager.java,8
proex_dic , ./src/com/ecity/enn/projectex/db/ProjectSafeManager.java,9
proex_dic , ./src/com/ecity/enn/projectex/db/ProjectWorkControlManager.java,26
proex_gcl , ./src/com/ecity/enn/project/db/ProjectBaseinfoManager.java,2
proex_gcl , ./src/com/ecity/enn/projectex/db/ProjectInfoManager.java,6
proex_gcl , ./src/com/ecity/enn/projectex/db/ProjectQuantityManager.java,1
proex_gcl , ./src/com/ecity/enn/projectex/db/ProjectQuantityManager2.java,14
proex_gcl_cd , ./src/com/ecity/enn/projectex/db/ProjectQuantityManager.java,7
proex_gcl_gc , ./src/com/ecity/enn/project/db/ProjectBaseinfoManager.java,4
proex_gcl_gc , ./src/com/ecity/enn/projectex/db/ProjectInfoManager.java,12
proex_gcl_gc , ./src/com/ecity/enn/projectex/db/ProjectQuantityManager2.java,21
proex_gcl_gsh , ./src/com/ecity/enn/projectex/db/ProjectQuantityManager.java,2
proex_gcl_gshcd , ./src/com/ecity/enn/projectex/db/ProjectQuantityManager.java,2
proex_gcl_hs , ./src/com/ecity/enn/projectex/db/ProjectQuantityManager.java,7
proex_gczy , ./src/com/ecity/enn/projectex/db/ProjectDangerWorkManager.java,3
proex_group_relation , ./src/com/ecity/enn/project/db/ProjectBaseinfoManager.java,15
proex_group_relation , ./src/com/ecity/enn/project/db/ProjectProcessManager.java,1
proex_group_relation , ./src/com/ecity/enn/project/db/camera/CameraServiceManager.java,9
proex_group_relation , ./src/com/ecity/enn/project/trance/position/TransferPosition.java,1
proex_group_relation , ./src/com/ecity/enn/project/user/UserManager.java,3
proex_group_relation , ./src/com/ecity/enn/projectex/db/ProjectDangerWorkManager.java,8
proex_group_relation , ./src/com/ecity/enn/projectex/db/ProjectGdhjManager.java,2
proex_group_relation , ./src/com/ecity/enn/projectex/db/ProjectHjAndSyInfoManager.java,21
proex_group_relation , ./src/com/ecity/enn/projectex/db/ProjectInfoManager.java,12
proex_group_relation , ./src/com/ecity/enn/projectex/db/ProjectInspectManager.java,4
proex_group_relation , ./src/com/ecity/enn/projectex/db/ProjectQuantityManager2.java,16
proex_group_relation , ./src/com/ecity/enn/projectex/db/ProjectSafeManager.java,9
proex_group_relation , ./src/com/ecity/enn/projectex/db/ProjectWorkControlManager.java,1
proex_group_relation , ./src/com/ecity/enn/usermanager/db/EnnGcgsUserManager.java,7
proex_gxcfg , ./src/com/ecity/enn/projectex/db/ProjectWorkControlManager.java,12
proex_gxdel , ./src/com/ecity/enn/projectex/db/ProjectWorkControlManager.java,6
proex_gxgk , ./src/com/ecity/enn/project/db/ProjectBaseinfoManager.java,2
proex_gxgk , ./src/com/ecity/enn/projectex/db/ProjectWorkControlManager.java,28
proex_gxmap , ./src/com/ecity/enn/projectex/db/ProjectWorkControlManager.java,13
proex_hj_bi , ./src/com/ecity/enn/projectex/db/ProjectAutoFormManager2.java,1
proex_hj_bi , ./src/com/ecity/enn/projectex/db/ProjectGdhjManager.java,6
proex_hj_bi , ./src/com/ecity/enn/projectex/db/ProjectHjAndSyInfoManager.java,10
proex_hj_bi , ./src/com/ecity/enn/projectex/db/ProjectInfoManager.java,1
proex_hj_con_pro , ./src/com/ecity/enn/projectex/db/ProjectGdhjManager.java,2
proex_hj_con_pro , ./src/com/ecity/enn/projectex/db/ProjectHjAndSyInfoManager.java,5
proex_hj_temp , ./src/com/ecity/enn/projectex/db/ProjectAutoFormManager2.java,6
proex_hjjl , ./src/com/ecity/enn/projectex/db/ProjectAutoFormManager.java,4
proex_hjjl , ./src/com/ecity/enn/projectex/db/ProjectAutoFormManager2.java,3
proex_hjjl , ./src/com/ecity/enn/projectex/db/ProjectGdhjManager.java,16
proex_hjjl , ./src/com/ecity/enn/projectex/db/ProjectHjAndSyInfoManager.java,3
proex_jcx , ./src/com/ecity/enn/projectex/db/ProjectInspectManager.java,19
proex_remind_con , ./src/com/ecity/enn/projectex/db/ProjectWorkRemindManager.java,3
proex_remind_roles , ./src/com/ecity/enn/projectex/db/ProjectWorkRemindManager.java,18
proex_set_autoform , ./src/com/ecity/enn/projectex/db/ProjectAutoFormManager.java,2
proex_set_autoform , ./src/com/ecity/enn/projectex/db/ProjectAutoFormManager2.java,1
proex_sy_record , ./src/com/ecity/enn/project/thread/DeviceDataQueue.java,1
proex_sy_record , ./src/com/ecity/enn/projectex/db/ProjectAutoFormManager.java,6
proex_sy_record , ./src/com/ecity/enn/projectex/db/ProjectAutoFormManager2.java,2
proex_sy_record , ./src/com/ecity/enn/projectex/db/ProjectGdsyManager.java,14
proex_sy_record , ./src/com/ecity/enn/projectex/db/ProjectHjAndSyInfoManager.java,4
proex_sy_temp , ./src/com/ecity/enn/projectex/db/ProjectAutoFormManager2.java,18
proex_sy_temp , ./src/com/ecity/enn/projectex/db/ProjectGdsyManager.java,8
proex_sy_temp , ./src/com/ecity/enn/projectex/db/ProjectHjAndSyInfoManager.java,3
proex_syb_bi , ./src/com/ecity/enn/project/thread/DeviceDataQueue.java,1
proex_syb_bi , ./src/com/ecity/enn/projectex/db/ProjectAutoFormManager.java,2
proex_syb_bi , ./src/com/ecity/enn/projectex/db/ProjectAutoFormManager2.java,2
proex_syb_bi , ./src/com/ecity/enn/projectex/db/ProjectHjAndSyInfoManager.java,9
proex_work_remind , ./src/com/ecity/enn/projectex/db/ProjectWorkRemindManager.java,15
proex_wtzg , ./src/com/ecity/enn/projectex/db/ProjectInspectManager.java,26
proex_wtzg , ./src/com/ecity/enn/projectex/db/ProjectWorkRemindManager.java,1
proex_wtzg_check , ./src/com/ecity/enn/projectex/db/ProjectInspectManager.java,3
proex_wtzg_finish , ./src/com/ecity/enn/projectex/db/ProjectInspectManager.java,6
proex_wtzg_wt , ./src/com/ecity/enn/projectex/db/ProjectInspectManager.java,10
proex_wxzy , ./src/com/ecity/enn/projectex/db/ProjectDangerWorkManager.java,25
proex_wxzy , ./src/com/ecity/enn/projectex/db/ProjectWorkRemindManager.java,1
proex_wxzy_photos , ./src/com/ecity/enn/projectex/db/ProjectDangerWorkManager.java,4
proex_wxzy_type , ./src/com/ecity/enn/projectex/db/ProjectDangerWorkManager.java,15
proex_wxzy_type , ./src/com/ecity/enn/projectex/db/ProjectSafeManager.java,1
proex_zgcl , ./src/com/ecity/enn/project/db/ProjectBaseinfoManager.java,2
proex_zgcl , ./src/com/ecity/enn/projectex/db/ProjectInfoManager.java,6
proex_zgcl , ./src/com/ecity/enn/projectex/db/ProjectQuantityManager2.java,18
proex_zgcl_gc , ./src/com/ecity/enn/project/db/ProjectBaseinfoManager.java,4
proex_zgcl_gc , ./src/com/ecity/enn/projectex/db/ProjectInfoManager.java,12
proex_zgcl_gc , ./src/com/ecity/enn/projectex/db/ProjectQuantityManager2.java,26
proex_zgcl_gsh , ./src/com/ecity/enn/projectex/db/ProjectQuantityManager.java,2
proex_zgcl_gshcd , ./src/com/ecity/enn/projectex/db/ProjectQuantityManager.java,2
proex_zgcl_myh , ./src/com/ecity/enn/projectex/db/ProjectQuantityManager.java,2
proex_zgcl_szzy , ./src/com/ecity/enn/projectex/db/ProjectQuantityManager.java,2
project_enum_dict , ./src/com/ecity/enn/project/EnumSpirit/ProjectEnumSpirit.java,1
project_sign , ./src/com/ecity/enn/project/db/ProjectSignManager.java,2
project_sign , ./src/com/ecity/enn/project/db/ProjectSignManagerNew.java,9
project_sign , ./src/com/ecity/enn/project/util/HandleGcpjData.java,1
project_sign_file , ./src/com/ecity/enn/project/db/ProjectSignManagerNew.java,2
sms_log , ./src/com/ecity/enn/project/phonedevice/PhoneDeviceManager.java,1
task , ./src/com/ecity/enn/project/db/ProjectFlowManager.java,11
task , ./src/com/ecity/enn/project/db/ProjectProcessManager.java,54
task , ./src/com/ecity/enn/project/mobile/response/three/change/ThreeChangeGetHistoryInfoResponse.java,1
test , ./src/com/ecity/coor/test.java,1
test , ./src/com/ecity/enn/project/ENNProjectServiceRest.java,2
test , ./src/com/ecity/enn/project/ENNProjectServiceRestImpl.java,2
test , ./src/com/ecity/enn/project/EnnCameraServiceRestImpl.java,1
test , ./src/com/ecity/enn/project/EnnVideoServiceRest.java,1
test , ./src/com/ecity/enn/project/EnnVideoServiceRestImpl.java,2
test , ./src/com/ecity/enn/project/Test.java,3
test , ./src/com/ecity/enn/project/cost/stat/test.java,1
test , ./src/com/ecity/enn/project/db/ProjectBaseinfoManager.java,1
test , ./src/com/ecity/enn/project/db/quality/Test.java,1
test , ./src/com/ecity/enn/project/evaluationmanagement/test.java,1
test , ./src/com/ecity/enn/project/phonedevice/SimpleHttpClientDemo.java,1
test , ./src/com/ecity/enn/project/quality/check/test.java,1
test , ./src/com/ecity/enn/project/sap/ServiceManager.java,1
test , ./src/com/ecity/enn/project/schedule/stat/Test.java,1
test , ./src/com/ecity/enn/project/thread/ProEvaluationTimer.java,1
test , ./src/com/ecity/enn/project/util/DocExport.java,2
test , ./src/com/ecity/enn/project/util/SmsUtil.java,1
test , ./src/com/ecity/enn/projectex/EnnProjectQuantityServiceRest.java,2
test , ./src/com/ecity/enn/projectex/EnnProjectQuantityServiceRestImpl.java,1
test , ./src/com/ecity/enn/projectex/EnnProjectSafeServiceRest.java,2
test , ./src/com/ecity/enn/projectex/EnnProjectSafeServiceRestImpl.java,1
test , ./src/com/ecity/enn/projectex/EnnProjectWorkControlServiceRestImpl.java,1
u_groups , ./src/com/ecity/enn/project/MsgSubscribePublish/EvaluationManageMsg.java,2
u_groups , ./src/com/ecity/enn/project/ServiceCore.java,3
u_groups , ./src/com/ecity/enn/project/baojianhegui/BJHGManager.java,4
u_groups , ./src/com/ecity/enn/project/cost/stat/CostStatHzQuery.java,18
u_groups , ./src/com/ecity/enn/project/cost/stat/CostStatMyhQuery.java,4
u_groups , ./src/com/ecity/enn/project/cost/stat/GroupQuery.java,9
u_groups , ./src/com/ecity/enn/project/db/BalanceThread.java,1
u_groups , ./src/com/ecity/enn/project/db/ProjectBaseinfoManager.java,47
u_groups , ./src/com/ecity/enn/project/db/ProjectBudgetMuserManager.java,3
u_groups , ./src/com/ecity/enn/project/db/ProjectCYGXManager.java,4
u_groups , ./src/com/ecity/enn/project/db/ProjectCheckOrder.java,1
u_groups , ./src/com/ecity/enn/project/db/ProjectCostAudit.java,4
u_groups , ./src/com/ecity/enn/project/db/ProjectCostControlManager.java,3
u_groups , ./src/com/ecity/enn/project/db/ProjectCostManager.java,4
u_groups , ./src/com/ecity/enn/project/db/ProjectCostManagerNew.java,11
u_groups , ./src/com/ecity/enn/project/db/ProjectCostManagerT.java,21
u_groups , ./src/com/ecity/enn/project/db/ProjectDocManager.java,5
u_groups , ./src/com/ecity/enn/project/db/ProjectGXManager.java,2
u_groups , ./src/com/ecity/enn/project/db/ProjectJGZLManager.java,3
u_groups , ./src/com/ecity/enn/project/db/ProjectMenManager.java,20
u_groups , ./src/com/ecity/enn/project/db/ProjectMsgManager.java,2
u_groups , ./src/com/ecity/enn/project/db/ProjectNoticeManager.java,2
u_groups , ./src/com/ecity/enn/project/db/ProjectOrderManager.java,3
u_groups , ./src/com/ecity/enn/project/db/ProjectProcessManager.java,20
u_groups , ./src/com/ecity/enn/project/db/ProjectQualityManager.java,2
u_groups , ./src/com/ecity/enn/project/db/ProjectSJBGManager.java,1
u_groups , ./src/com/ecity/enn/project/db/ProjectSignManager.java,1
u_groups , ./src/com/ecity/enn/project/db/ProjectSignManagerNew.java,3
u_groups , ./src/com/ecity/enn/project/db/ProjectWLHXManager.java,4
u_groups , ./src/com/ecity/enn/project/db/ProjectWLManager.java,15
u_groups , ./src/com/ecity/enn/project/db/ProjectXCQZManager.java,1
u_groups , ./src/com/ecity/enn/project/db/ProjectYHJYManager.java,10
u_groups , ./src/com/ecity/enn/project/db/ProjectZLZGManager.java,6
u_groups , ./src/com/ecity/enn/project/db/TransferPositionManager.java,1
u_groups , ./src/com/ecity/enn/project/db/camera/CameraServiceManager.java,40
u_groups , ./src/com/ecity/enn/project/db/dutysign/AOnOffDutySignQuerier.java,3
u_groups , ./src/com/ecity/enn/project/db/quality/QualityStatQuery.java,11
u_groups , ./src/com/ecity/enn/project/db/sitelog/SiteLogManger.java,1
u_groups , ./src/com/ecity/enn/project/db/valuationgc/ProjectGcValuationManager.java,1
u_groups , ./src/com/ecity/enn/project/db/video/VideoServiceManager.java,11
u_groups , ./src/com/ecity/enn/project/dilixinxi/DilixinxiManager.java,3
u_groups , ./src/com/ecity/enn/project/evaluationmanagement/EvaluationManager.java,2
u_groups , ./src/com/ecity/enn/project/evaluationmanagement/MenEvaluation.java,1
u_groups , ./src/com/ecity/enn/project/evaluationmanagement/ProjectEvaluation.java,3
u_groups , ./src/com/ecity/enn/project/extradata/ExtraDataManager.java,13
u_groups , ./src/com/ecity/enn/project/fanneng/FanNengManager.java,3
u_groups , ./src/com/ecity/enn/project/groupMng/CrossAreaManager.java,32
u_groups , ./src/com/ecity/enn/project/groupMng/GetGroupMng.java,12
u_groups , ./src/com/ecity/enn/project/inspection/InspectionManager.java,4
u_groups , ./src/com/ecity/enn/project/log/ProjectLogList.java,5
u_groups , ./src/com/ecity/enn/project/log/ProjectLogloginList.java,5
u_groups , ./src/com/ecity/enn/project/phonedevice/PhoneDeviceManager.java,2
u_groups , ./src/com/ecity/enn/project/protype/GetUserGroups.java,3
u_groups , ./src/com/ecity/enn/project/protype/GetUserLinkList.java,2
u_groups , ./src/com/ecity/enn/project/report/ProjectReportManager.java,11
u_groups , ./src/com/ecity/enn/project/saleproject/GetCompanyInfo.java,1
u_groups , ./src/com/ecity/enn/project/saleproject/GetFactoryCode.java,2
u_groups , ./src/com/ecity/enn/project/schedule/stat/GroupQuery.java,7
u_groups , ./src/com/ecity/enn/project/trance/position/TransferPosition.java,1
u_groups , ./src/com/ecity/enn/project/user/UserManager.java,17
u_groups , ./src/com/ecity/enn/project/util/EnnUtil.java,6
u_groups , ./src/com/ecity/enn/project/util/HandleGcpjData.java,1
u_groups , ./src/com/ecity/enn/project/vo/RoleVO.java,2
u_groups , ./src/com/ecity/enn/projectex/db/ProjectAutoFormManager2.java,2
u_groups , ./src/com/ecity/enn/projectex/db/ProjectDangerWorkManager.java,15
u_groups , ./src/com/ecity/enn/projectex/db/ProjectGdhjManager.java,3
u_groups , ./src/com/ecity/enn/projectex/db/ProjectHjAndSyInfoManager.java,40
u_groups , ./src/com/ecity/enn/projectex/db/ProjectInfoManager.java,27
u_groups , ./src/com/ecity/enn/projectex/db/ProjectInspectManager.java,8
u_groups , ./src/com/ecity/enn/projectex/db/ProjectQuantityManager.java,1
u_groups , ./src/com/ecity/enn/projectex/db/ProjectQuantityManager2.java,47
u_groups , ./src/com/ecity/enn/projectex/db/ProjectSafeManager.java,18
u_groups , ./src/com/ecity/enn/projectex/db/ProjectWorkControlManager.java,1
u_groups , ./src/com/ecity/enn/projectex/db/ProjectWorkRemindManager.java,3
u_groups , ./src/com/ecity/enn/usermanager/db/EnnGcgsUserManager.java,17
u_groups , ./src/com/ecity/position/PositionManager.java,3
u_groups , ./src/com/ecity/project/weld/WeldManager.java,3
u_groups_log , ./src/com/ecity/enn/project/db/ProjectBaseinfoManager.java,1
u_menutree , ./src/com/ecity/enn/project/util/EnnUtil.java,1
u_menutree , ./src/com/ecity/enn/projectex/db/ProjectWorkRemindManager.java,1
u_role , ./src/com/ecity/enn/project/ServiceCore.java,4
u_role , ./src/com/ecity/enn/project/baojianhegui/BJHGManager.java,1
u_role , ./src/com/ecity/enn/project/db/OnOffDutySignManager.java,1
u_role , ./src/com/ecity/enn/project/db/ProjectCostManager.java,1
u_role , ./src/com/ecity/enn/project/db/ProjectCostManagerNew.java,1
u_role , ./src/com/ecity/enn/project/db/ProjectCostManagerT.java,4
u_role , ./src/com/ecity/enn/project/db/ProjectExtension.java,1
u_role , ./src/com/ecity/enn/project/db/ProjectFlowManager.java,1
u_role , ./src/com/ecity/enn/project/db/ProjectMsgManager.java,2
u_role , ./src/com/ecity/enn/project/db/ProjectProcessManager.java,2
u_role , ./src/com/ecity/enn/project/db/camera/CameraServiceManager.java,1
u_role , ./src/com/ecity/enn/project/db/dutysign/AOnOffDutySignQuerier.java,7
u_role , ./src/com/ecity/enn/project/evaluationmanagement/MenEvaluation.java,1
u_role , ./src/com/ecity/enn/project/expschedule/ScheduleManager.java,1
u_role , ./src/com/ecity/enn/project/fanneng/FanNengManager.java,2
u_role , ./src/com/ecity/enn/project/groupMng/CrossAreaManager.java,2
u_role , ./src/com/ecity/enn/project/inspection/InspectionManager.java,1
u_role , ./src/com/ecity/enn/project/thread/SaleUserToPro.java,1
u_role , ./src/com/ecity/enn/project/user/UserManager.java,2
u_role , ./src/com/ecity/enn/project/util/EnnUtil.java,1
u_role , ./src/com/ecity/enn/projectex/db/ProjectHjAndSyInfoManager.java,2
u_role , ./src/com/ecity/enn/projectex/db/ProjectInfoManager.java,2
u_role , ./src/com/ecity/enn/projectex/db/ProjectQuantityManager2.java,10
u_role , ./src/com/ecity/enn/projectex/db/ProjectWorkRemindManager.java,4
u_role , ./src/com/ecity/enn/usermanager/db/EnnGcgsUserManager.java,1
u_role , ./src/com/ecity/position/PositionManager.java,1
u_role_authority , ./src/com/ecity/enn/project/vo/RoleVO.java,1
u_role_menu , ./src/com/ecity/enn/project/util/EnnUtil.java,1
u_rolegroup , ./src/com/ecity/enn/project/db/ProjectFlowManager.java,1
u_user_role , ./src/com/ecity/enn/project/EnnAuthorityServiceImpl.java,5
u_user_role , ./src/com/ecity/enn/project/ServiceCore.java,3
u_user_role , ./src/com/ecity/enn/project/baojianhegui/BJHGManager.java,1
u_user_role , ./src/com/ecity/enn/project/db/ProjectBaseinfoManager.java,2
u_user_role , ./src/com/ecity/enn/project/db/ProjectCostManager.java,1
u_user_role , ./src/com/ecity/enn/project/db/ProjectCostManagerNew.java,2
u_user_role , ./src/com/ecity/enn/project/db/ProjectCostManagerT.java,4
u_user_role , ./src/com/ecity/enn/project/db/ProjectExtension.java,1
u_user_role , ./src/com/ecity/enn/project/db/ProjectFlowManager.java,1
u_user_role , ./src/com/ecity/enn/project/db/ProjectMsgManager.java,2
u_user_role , ./src/com/ecity/enn/project/db/ProjectProcessManager.java,2
u_user_role , ./src/com/ecity/enn/project/db/camera/CameraServiceManager.java,1
u_user_role , ./src/com/ecity/enn/project/db/dutysign/AOnOffDutySignQuerier.java,8
u_user_role , ./src/com/ecity/enn/project/evaluationmanagement/MenEvaluation.java,1
u_user_role , ./src/com/ecity/enn/project/expschedule/ScheduleManager.java,1
u_user_role , ./src/com/ecity/enn/project/groupMng/CrossAreaManager.java,10
u_user_role , ./src/com/ecity/enn/project/inspection/InspectionManager.java,1
u_user_role , ./src/com/ecity/enn/project/thread/SaleUserToPro.java,1
u_user_role , ./src/com/ecity/enn/project/trance/position/TransferPosition.java,3
u_user_role , ./src/com/ecity/enn/project/user/UserAccountManager.java,1
u_user_role , ./src/com/ecity/enn/project/user/UserManager.java,2
u_user_role , ./src/com/ecity/enn/project/util/EnnUtil.java,1
u_user_role , ./src/com/ecity/enn/project/vo/RoleVO.java,1
u_user_role , ./src/com/ecity/enn/projectex/db/ProjectHjAndSyInfoManager.java,2
u_user_role , ./src/com/ecity/enn/projectex/db/ProjectInfoManager.java,2
u_user_role , ./src/com/ecity/enn/projectex/db/ProjectQuantityManager2.java,10
u_user_role , ./src/com/ecity/enn/projectex/db/ProjectWorkRemindManager.java,11
u_user_role , ./src/com/ecity/enn/usermanager/db/EnnGcgsUserManager.java,1
u_user_role , ./src/com/ecity/position/PositionManager.java,1
u_users , ./src/com/ecity/enn/project/EnnAuthorityServiceImpl.java,7
u_users , ./src/com/ecity/enn/project/MsgSubscribePublish/EvaluationManageMsg.java,5
u_users , ./src/com/ecity/enn/project/ServiceCore.java,1
u_users , ./src/com/ecity/enn/project/baojianhegui/BJHGManager.java,1
u_users , ./src/com/ecity/enn/project/db/BalanceThread.java,1
u_users , ./src/com/ecity/enn/project/db/EnnUserManager.java,2
u_users , ./src/com/ecity/enn/project/db/ProjectBaseinfoManager.java,19
u_users , ./src/com/ecity/enn/project/db/ProjectCYGXManager.java,2
u_users , ./src/com/ecity/enn/project/db/ProjectCheckOrder.java,3
u_users , ./src/com/ecity/enn/project/db/ProjectCostAudit.java,1
u_users , ./src/com/ecity/enn/project/db/ProjectCostManager.java,6
u_users , ./src/com/ecity/enn/project/db/ProjectCostManagerNew.java,7
u_users , ./src/com/ecity/enn/project/db/ProjectCostManagerT.java,19
u_users , ./src/com/ecity/enn/project/db/ProjectExtension.java,1
u_users , ./src/com/ecity/enn/project/db/ProjectJGZLManager.java,3
u_users , ./src/com/ecity/enn/project/db/ProjectMsgManager.java,2
u_users , ./src/com/ecity/enn/project/db/ProjectOrderManager.java,2
u_users , ./src/com/ecity/enn/project/db/ProjectProcessManager.java,5
u_users , ./src/com/ecity/enn/project/db/ProjectQualityManager.java,7
u_users , ./src/com/ecity/enn/project/db/ProjectSJBGManager.java,1
u_users , ./src/com/ecity/enn/project/db/ProjectSignManager.java,1
u_users , ./src/com/ecity/enn/project/db/ProjectWLHXManager.java,1
u_users , ./src/com/ecity/enn/project/db/ProjectWLManager.java,4
u_users , ./src/com/ecity/enn/project/db/ProjectXCQZManager.java,1
u_users , ./src/com/ecity/enn/project/db/ProjectZLZGManager.java,2
u_users , ./src/com/ecity/enn/project/db/TransferPositionManager.java,1
u_users , ./src/com/ecity/enn/project/db/camera/CameraServiceManager.java,11
u_users , ./src/com/ecity/enn/project/db/dutysign/AOnOffDutySignQuerier.java,9
u_users , ./src/com/ecity/enn/project/db/sale/SaleServiceManager.java,2
u_users , ./src/com/ecity/enn/project/db/video/VideoServiceManager.java,2
u_users , ./src/com/ecity/enn/project/dilixinxi/DilixinxiManager.java,1
u_users , ./src/com/ecity/enn/project/evaluationmanagement/EvaluationManager.java,1
u_users , ./src/com/ecity/enn/project/evaluationmanagement/MenEvaluation.java,1
u_users , ./src/com/ecity/enn/project/fanneng/FanNengManager.java,1
u_users , ./src/com/ecity/enn/project/groupMng/CrossAreaManager.java,15
u_users , ./src/com/ecity/enn/project/inspection/InspectionManager.java,1
u_users , ./src/com/ecity/enn/project/log/ProjectLogList.java,2
u_users , ./src/com/ecity/enn/project/log/ProjectLogloginList.java,2
u_users , ./src/com/ecity/enn/project/phonedevice/PhoneDeviceManager.java,3
u_users , ./src/com/ecity/enn/project/protype/GetUserLinkList.java,2
u_users , ./src/com/ecity/enn/project/report/ProjectReportManager.java,1
u_users , ./src/com/ecity/enn/project/thread/SaleUserToPro.java,1
u_users , ./src/com/ecity/enn/project/trance/position/TransferPosition.java,5
u_users , ./src/com/ecity/enn/project/user/UserAccountManager.java,4
u_users , ./src/com/ecity/enn/project/user/UserManager.java,8
u_users , ./src/com/ecity/enn/project/util/EnnUtil.java,2
u_users , ./src/com/ecity/enn/project/util/HandleGcpjData.java,1
u_users , ./src/com/ecity/enn/projectex/db/ProjectAutoFormManager2.java,2
u_users , ./src/com/ecity/enn/projectex/db/ProjectDangerWorkManager.java,18
u_users , ./src/com/ecity/enn/projectex/db/ProjectGdhjManager.java,6
u_users , ./src/com/ecity/enn/projectex/db/ProjectHjAndSyInfoManager.java,5
u_users , ./src/com/ecity/enn/projectex/db/ProjectInfoManager.java,16
u_users , ./src/com/ecity/enn/projectex/db/ProjectInspectManager.java,8
u_users , ./src/com/ecity/enn/projectex/db/ProjectQuantityManager.java,3
u_users , ./src/com/ecity/enn/projectex/db/ProjectQuantityManager2.java,52
u_users , ./src/com/ecity/enn/projectex/db/ProjectSafeManager.java,7
u_users , ./src/com/ecity/enn/projectex/db/ProjectWorkControlManager.java,3
u_users , ./src/com/ecity/enn/projectex/db/ProjectWorkRemindManager.java,2
u_users , ./src/com/ecity/enn/usermanager/db/EnnGcgsUserManager.java,1
u_users_token , ./src/com/ecity/enn/project/user/UserManager.java,4
user_phonedevice , ./src/com/ecity/enn/project/phonedevice/PhoneDeviceManager.java,13
user_phonedevice , ./src/com/ecity/enn/project/user/UserManager.java,2
user_power , ./src/com/ecity/enn/project/phonedevice/PhoneDeviceManager.java,1
user_powerdevice , ./src/com/ecity/enn/project/phonedevice/PhoneDeviceManager.java,6
verification_item_conf , ./src/com/ecity/enn/project/extradata/ExtraDataManager.java,3
view_type_men , ./src/com/ecity/enn/project/baojianhegui/BJHGManager.java,1
view_type_men , ./src/com/ecity/enn/project/db/ProjectBaseinfoManager.java,6
view_type_men , ./src/com/ecity/enn/project/db/ProjectCYGXManager.java,1
view_type_men , ./src/com/ecity/enn/project/db/ProjectCostControlManager.java,2
view_type_men , ./src/com/ecity/enn/project/db/ProjectJGZLManager.java,1
view_type_men , ./src/com/ecity/enn/project/db/ProjectProcessManager.java,2
view_type_men , ./src/com/ecity/enn/project/db/ProjectSignManagerNew.java,1
view_type_men , ./src/com/ecity/enn/project/db/ProjectWLManager.java,1
view_type_men , ./src/com/ecity/enn/project/db/camera/CameraServiceManager.java,1
view_type_men , ./src/com/ecity/enn/project/inspection/InspectionManager.java,1
view_type_men , ./src/com/ecity/enn/project/quality/check/QualityCheck.java,2
view_type_men , ./src/com/ecity/enn/projectex/db/ProjectInfoManager.java,1
view_type_men , ./src/com/ecity/enn/projectex/db/ProjectQuantityManager.java,1
wb_fcg , ./src/com/ecity/enn/project/extradata/ExtraDataManager.java,7
wb_fnxm , ./src/com/ecity/enn/project/extradata/ExtraDataManager.java,8
wb_gongshang , ./src/com/ecity/enn/project/extradata/ExtraDataManager.java,7
wb_minyong , ./src/com/ecity/enn/project/extradata/ExtraDataManager.java,8
wb_other , ./src/com/ecity/enn/project/extradata/ExtraDataManager.java,9
wb_pro_fnfj_file , ./src/com/ecity/enn/project/extradata/ExtraDataManager.java,4
wb_szzy , ./src/com/ecity/enn/project/extradata/ExtraDataManager.java,7
work_time_period , ./src/com/ecity/enn/project/db/WorkTimeConfigManager.java,3